[debug] [2026-03-29T05:25:12.079Z] ----------------------------------------------------------------------
[debug] [2026-03-29T05:25:12.081Z] Command:       C:\Program Files\nodejs\node.exe C:\Users\majed\AppData\Roaming\npm\node_modules\firebase-tools\lib\bin\firebase.js deploy --only functions
[debug] [2026-03-29T05:25:12.081Z] CLI Version:   15.12.0
[debug] [2026-03-29T05:25:12.082Z] Platform:      win32
[debug] [2026-03-29T05:25:12.082Z] Node Version:  v24.12.0
[debug] [2026-03-29T05:25:12.082Z] Time:          Sun Mar 29 2026 09:25:12 GMT+0400 (توقيت الخليج)
[debug] [2026-03-29T05:25:12.082Z] ----------------------------------------------------------------------
[debug] 
[debug] [2026-03-29T05:25:13.819Z] > command requires scopes: ["email","openid","https://www.googleapis.com/auth/cloudplatformprojects.readonly","https://www.googleapis.com/auth/firebase","https://www.googleapis.com/auth/cloud-platform"]
[debug] [2026-03-29T05:25:13.820Z] > authorizing via signed-in user (majed774@gmail.com)
[debug] [2026-03-29T05:25:13.820Z] [iam] checking project lmad-bfa29 for permissions ["cloudfunctions.functions.create","cloudfunctions.functions.delete","cloudfunctions.functions.get","cloudfunctions.functions.list","cloudfunctions.functions.update","cloudfunctions.operations.get","firebase.projects.get"]
[debug] [2026-03-29T05:25:13.821Z] Checked if tokens are valid: true, expires at: 1774764632363
[debug] [2026-03-29T05:25:13.821Z] Checked if tokens are valid: true, expires at: 1774764632363
[debug] [2026-03-29T05:25:13.821Z] >>> [apiv2][query] POST https://cloudresourcemanager.googleapis.com/v1/projects/lmad-bfa29:testIamPermissions [none]
[debug] [2026-03-29T05:25:13.822Z] >>> [apiv2][(partial)header] POST https://cloudresourcemanager.googleapis.com/v1/projects/lmad-bfa29:testIamPermissions  x-goog-user-project=lmad-bfa29
[debug] [2026-03-29T05:25:13.822Z] >>> [apiv2][body] POST https://cloudresourcemanager.googleapis.com/v1/projects/lmad-bfa29:testIamPermissions {"permissions":["cloudfunctions.functions.create","cloudfunctions.functions.delete","cloudfunctions.functions.get","cloudfunctions.functions.list","cloudfunctions.functions.update","cloudfunctions.operations.get","firebase.projects.get"]}
[debug] [2026-03-29T05:25:15.140Z] <<< [apiv2][status] POST https://cloudresourcemanager.googleapis.com/v1/projects/lmad-bfa29:testIamPermissions 200
[debug] [2026-03-29T05:25:15.140Z] <<< [apiv2][body] POST https://cloudresourcemanager.googleapis.com/v1/projects/lmad-bfa29:testIamPermissions {"permissions":["cloudfunctions.functions.create","cloudfunctions.functions.delete","cloudfunctions.functions.get","cloudfunctions.functions.list","cloudfunctions.functions.update","cloudfunctions.operations.get","firebase.projects.get"]}
[debug] [2026-03-29T05:25:15.140Z] Checked if tokens are valid: true, expires at: 1774764632363
[debug] [2026-03-29T05:25:15.140Z] Checked if tokens are valid: true, expires at: 1774764632363
[debug] [2026-03-29T05:25:15.140Z] >>> [apiv2][query] POST https://iam.googleapis.com/v1/projects/lmad-bfa29/serviceAccounts/lmad-bfa29@appspot.gserviceaccount.com:testIamPermissions [none]
[debug] [2026-03-29T05:25:15.140Z] >>> [apiv2][body] POST https://iam.googleapis.com/v1/projects/lmad-bfa29/serviceAccounts/lmad-bfa29@appspot.gserviceaccount.com:testIamPermissions {"permissions":["iam.serviceAccounts.actAs"]}
[debug] [2026-03-29T05:25:16.430Z] <<< [apiv2][status] POST https://iam.googleapis.com/v1/projects/lmad-bfa29/serviceAccounts/lmad-bfa29@appspot.gserviceaccount.com:testIamPermissions 200
[debug] [2026-03-29T05:25:16.430Z] <<< [apiv2][body] POST https://iam.googleapis.com/v1/projects/lmad-bfa29/serviceAccounts/lmad-bfa29@appspot.gserviceaccount.com:testIamPermissions {"permissions":["iam.serviceAccounts.actAs"]}
[info] 
[info] === Deploying to 'lmad-bfa29'...
[info] 
[info] i  deploying functions 
[debug] [2026-03-29T05:25:16.433Z] Checked if tokens are valid: true, expires at: 1774764632363
[debug] [2026-03-29T05:25:16.433Z] Checked if tokens are valid: true, expires at: 1774764632363
[debug] [2026-03-29T05:25:16.433Z] >>> [apiv2][query] GET https://cloudresourcemanager.googleapis.com/v1/projects/lmad-bfa29 [none]
[debug] [2026-03-29T05:25:16.703Z] <<< [apiv2][status] GET https://cloudresourcemanager.googleapis.com/v1/projects/lmad-bfa29 200
[debug] [2026-03-29T05:25:16.703Z] <<< [apiv2][body] GET https://cloudresourcemanager.googleapis.com/v1/projects/lmad-bfa29 {"projectNumber":"659119217359","projectId":"lmad-bfa29","lifecycleState":"ACTIVE","name":"Lmad","labels":{"firebase":"enabled","firebase-core":"disabled"},"createTime":"2026-03-28T01:51:53.718Z"}
[info] i  functions: preparing codebase default for deployment 
[info] i  functions: ensuring required API cloudfunctions.googleapis.com is enabled... 
[info] i  functions: ensuring required API cloudbuild.googleapis.com is enabled... 
[info] i  artifactregistry: ensuring required API artifactregistry.googleapis.com is enabled... 
[debug] [2026-03-29T05:25:16.705Z] Checked if tokens are valid: true, expires at: 1774764632363
[debug] [2026-03-29T05:25:16.706Z] Checked if tokens are valid: true, expires at: 1774764632363
[debug] [2026-03-29T05:25:16.706Z] >>> [apiv2][query] GET https://firebase.googleapis.com/v1beta1/projects/lmad-bfa29/adminSdkConfig [none]
[debug] [2026-03-29T05:25:17.219Z] <<< [apiv2][status] GET https://firebase.googleapis.com/v1beta1/projects/lmad-bfa29/adminSdkConfig 200
[debug] [2026-03-29T05:25:17.219Z] <<< [apiv2][body] GET https://firebase.googleapis.com/v1beta1/projects/lmad-bfa29/adminSdkConfig {"projectId":"lmad-bfa29","databaseURL":"https://lmad-bfa29-default-rtdb.firebaseio.com","storageBucket":"lmad-bfa29.firebasestorage.app"}
[debug] [2026-03-29T05:25:17.220Z] Checked if tokens are valid: true, expires at: 1774764632363
[debug] [2026-03-29T05:25:17.220Z] Checked if tokens are valid: true, expires at: 1774764632363
[debug] [2026-03-29T05:25:17.220Z] >>> [apiv2][query] GET https://runtimeconfig.googleapis.com/v1beta1/projects/lmad-bfa29/configs [none]
[debug] [2026-03-29T05:25:17.625Z] <<< [apiv2][status] GET https://runtimeconfig.googleapis.com/v1beta1/projects/lmad-bfa29/configs 200
[debug] [2026-03-29T05:25:17.625Z] <<< [apiv2][body] GET https://runtimeconfig.googleapis.com/v1beta1/projects/lmad-bfa29/configs {}
[debug] [2026-03-29T05:25:17.626Z] Validating nodejs source
[warn] !  functions: package.json indicates an outdated version of firebase-functions. Please upgrade using npm install --save firebase-functions@latest in your functions directory. 
[warn] !  functions: Please note that there will be breaking changes when you upgrade. 
[debug] [2026-03-29T05:25:19.239Z] > [functions] package.json contents: {
  "name": "lmad-functions",
  "version": "1.0.0",
  "engines": {
    "node": "22"
  },
  "main": "src/index.js",
  "dependencies": {
    "axios": "^1.6.0",
    "cors": "^2.8.5",
    "firebase-admin": "^11.0.0",
    "firebase-functions": "^4.0.0"
  },
  "scripts": {
    "deploy": "firebase deploy --only functions"
  }
}
[debug] [2026-03-29T05:25:19.239Z] Building nodejs source
[info] i  functions: Loading and analyzing source code for codebase default to determine what to deploy 
[info] i  functions: You are using a version of firebase-functions SDK (4.9.0) that does not have support for the newest Firebase Extensions features. Please update firebase-functions SDK to >=5.1.0 to use them correctly 
[debug] [2026-03-29T05:25:19.240Z] Could not find functions.yaml. Must use http discovery
[debug] [2026-03-29T05:25:19.250Z] Found firebase-functions binary at 'C:\Users\majed\Documents\GitHub\Lmad\functions\node_modules\.bin\firebase-functions'
[info] Serving at port 8393

[debug] [2026-03-29T05:25:19.996Z] Got response from /__/functions.yaml {"endpoints":{"api":{"platform":"gcfv1","availableMemoryMb":null,"timeoutSeconds":null,"minInstances":null,"maxInstances":null,"ingressSettings":null,"serviceAccountEmail":null,"vpc":null,"httpsTrigger":{},"entryPoint":"api"}},"specVersion":"v1alpha1","requiredAPIs":[]}
[info] i  functions: preparing functions directory for uploading... 
[info] i  functions: packaged C:\Users\majed\Documents\GitHub\Lmad\functions (39.57 KB) for uploading 
[debug] [2026-03-29T05:25:24.054Z] Checked if tokens are valid: true, expires at: 1774764632363
[debug] [2026-03-29T05:25:24.054Z] Checked if tokens are valid: true, expires at: 1774764632363
[debug] [2026-03-29T05:25:24.054Z] >>> [apiv2][query] GET https://cloudfunctions.googleapis.com/v1/projects/lmad-bfa29/locations/-/functions [none]
[debug] [2026-03-29T05:25:24.946Z] <<< [apiv2][status] GET https://cloudfunctions.googleapis.com/v1/projects/lmad-bfa29/locations/-/functions 200
[debug] [2026-03-29T05:25:24.946Z] <<< [apiv2][body] GET https://cloudfunctions.googleapis.com/v1/projects/lmad-bfa29/locations/-/functions {}
[debug] [2026-03-29T05:25:24.946Z] Checked if tokens are valid: true, expires at: 1774764632363
[debug] [2026-03-29T05:25:24.946Z] Checked if tokens are valid: true, expires at: 1774764632363
[debug] [2026-03-29T05:25:24.950Z] >>> [apiv2][query] GET https://cloudfunctions.googleapis.com/v2/projects/lmad-bfa29/locations/-/functions filter=environment%3D%22GEN_2%22
[debug] [2026-03-29T05:25:25.995Z] <<< [apiv2][status] GET https://cloudfunctions.googleapis.com/v2/projects/lmad-bfa29/locations/-/functions 200
[debug] [2026-03-29T05:25:25.996Z] <<< [apiv2][body] GET https://cloudfunctions.googleapis.com/v2/projects/lmad-bfa29/locations/-/functions {}
[debug] [2026-03-29T05:25:26.007Z] Checked if tokens are valid: true, expires at: 1774764632363
[debug] [2026-03-29T05:25:26.007Z] Checked if tokens are valid: true, expires at: 1774764632363
[debug] [2026-03-29T05:25:26.008Z] >>> [apiv2][query] GET https://cloudresourcemanager.googleapis.com/v1/projects/lmad-bfa29 [none]
[debug] [2026-03-29T05:25:27.335Z] <<< [apiv2][status] GET https://cloudresourcemanager.googleapis.com/v1/projects/lmad-bfa29 200
[debug] [2026-03-29T05:25:27.335Z] <<< [apiv2][body] GET https://cloudresourcemanager.googleapis.com/v1/projects/lmad-bfa29 {"projectNumber":"659119217359","projectId":"lmad-bfa29","lifecycleState":"ACTIVE","name":"Lmad","labels":{"firebase":"enabled","firebase-core":"disabled"},"createTime":"2026-03-28T01:51:53.718Z"}
[debug] [2026-03-29T05:25:27.336Z] [functions] found 1 new HTTP functions, testing setIamPolicy permission...
[debug] [2026-03-29T05:25:27.336Z] Checked if tokens are valid: true, expires at: 1774764632363
[debug] [2026-03-29T05:25:27.336Z] Checked if tokens are valid: true, expires at: 1774764632363
[debug] [2026-03-29T05:25:27.336Z] >>> [apiv2][query] POST https://cloudresourcemanager.googleapis.com/v1/projects/lmad-bfa29:testIamPermissions [none]
[debug] [2026-03-29T05:25:27.336Z] >>> [apiv2][(partial)header] POST https://cloudresourcemanager.googleapis.com/v1/projects/lmad-bfa29:testIamPermissions  x-goog-user-project=lmad-bfa29
[debug] [2026-03-29T05:25:27.336Z] >>> [apiv2][body] POST https://cloudresourcemanager.googleapis.com/v1/projects/lmad-bfa29:testIamPermissions {"permissions":["cloudfunctions.functions.setIamPolicy"]}
[debug] [2026-03-29T05:25:27.583Z] <<< [apiv2][status] POST https://cloudresourcemanager.googleapis.com/v1/projects/lmad-bfa29:testIamPermissions 200
[debug] [2026-03-29T05:25:27.583Z] <<< [apiv2][body] POST https://cloudresourcemanager.googleapis.com/v1/projects/lmad-bfa29:testIamPermissions {"permissions":["cloudfunctions.functions.setIamPolicy"]}
[debug] [2026-03-29T05:25:27.583Z] [functions] found setIamPolicy permission, proceeding with deploy
[debug] [2026-03-29T05:25:27.584Z] Checked if tokens are valid: true, expires at: 1774764632363
[debug] [2026-03-29T05:25:27.584Z] Checked if tokens are valid: true, expires at: 1774764632363
[debug] [2026-03-29T05:25:27.584Z] >>> [apiv2][query] POST https://cloudfunctions.googleapis.com/v1/projects/lmad-bfa29/locations/us-central1/functions:generateUploadUrl [none]
[debug] [2026-03-29T05:25:27.584Z] >>> [apiv2][body] POST https://cloudfunctions.googleapis.com/v1/projects/lmad-bfa29/locations/us-central1/functions:generateUploadUrl {}
[debug] [2026-03-29T05:25:40.583Z] <<< [apiv2][status] POST https://cloudfunctions.googleapis.com/v1/projects/lmad-bfa29/locations/us-central1/functions:generateUploadUrl 200
[debug] [2026-03-29T05:25:40.584Z] <<< [apiv2][body] POST https://cloudfunctions.googleapis.com/v1/projects/lmad-bfa29/locations/us-central1/functions:generateUploadUrl {"uploadUrl":"https://storage.googleapis.com/uploads-824583981300.us-central1.cloudfunctions.appspot.com/85da1fe7-aa37-470c-be2a-e6fa7e29fa89.zip?GoogleAccessId=service-659119217359@gcf-admin-robot.iam.gserviceaccount.com&Expires=1774763740&Signature=dyxKr2l8rX0QJgXK6mxIDsRD%2FjqK0M55r4kh28xLNd9tl2FZ14ukqgumKAo4mT9C86tA6KJkk%2Bwqv8gWhyXSM15L9LCJVMxOTXeJGFQxsrXsL3VcTQUGQa0a2uaECeKzQzV1y%2FGZVorx1MBCDjy5hppmTkvJ6DMTIV%2FXP7KP%2B4Ho8MNH6H9m4mwTMOaxOJJ8WQO1rRCM5zIh5f6tSyikinX%2Flzv22v%2BmVuuz7Pz9cnD3vYaW7tz8x6QyHiMJ8SrfkWY7RgWxnGgONa%2FyDA9oTogGjP92VItsdka2EO75LmmFdbT0ccnbOwSA6ml7lu8RuJyFOf3KGaA7Yd35K2PGBQ%3D%3D"}
[debug] [2026-03-29T05:25:40.584Z] >>> [apiv2][query] PUT https://storage.googleapis.com/uploads-824583981300.us-central1.cloudfunctions.appspot.com/85da1fe7-aa37-470c-be2a-e6fa7e29fa89.zip GoogleAccessId=service-659119217359%40gcf-admin-robot.iam.gserviceaccount.com&Expires=1774763740&Signature=dyxKr2l8rX0QJgXK6mxIDsRD%2FjqK0M55r4kh28xLNd9tl2FZ14ukqgumKAo4mT9C86tA6KJkk%2Bwqv8gWhyXSM15L9LCJVMxOTXeJGFQxsrXsL3VcTQUGQa0a2uaECeKzQzV1y%2FGZVorx1MBCDjy5hppmTkvJ6DMTIV%2FXP7KP%2B4Ho8MNH6H9m4mwTMOaxOJJ8WQO1rRCM5zIh5f6tSyikinX%2Flzv22v%2BmVuuz7Pz9cnD3vYaW7tz8x6QyHiMJ8SrfkWY7RgWxnGgONa%2FyDA9oTogGjP92VItsdka2EO75LmmFdbT0ccnbOwSA6ml7lu8RuJyFOf3KGaA7Yd35K2PGBQ%3D%3D
[debug] [2026-03-29T05:25:40.584Z] >>> [apiv2][body] PUT https://storage.googleapis.com/uploads-824583981300.us-central1.cloudfunctions.appspot.com/85da1fe7-aa37-470c-be2a-e6fa7e29fa89.zip [stream]
[debug] [2026-03-29T05:25:41.575Z] <<< [apiv2][status] PUT https://storage.googleapis.com/uploads-824583981300.us-central1.cloudfunctions.appspot.com/85da1fe7-aa37-470c-be2a-e6fa7e29fa89.zip 200
[debug] [2026-03-29T05:25:41.575Z] <<< [apiv2][body] PUT https://storage.googleapis.com/uploads-824583981300.us-central1.cloudfunctions.appspot.com/85da1fe7-aa37-470c-be2a-e6fa7e29fa89.zip [omitted]
[info] +  functions: functions source uploaded successfully 
[info] i  functions: creating Node.js 22 (1st Gen) function api(us-central1)... 
[debug] [2026-03-29T05:25:41.585Z] Checked if tokens are valid: true, expires at: 1774764632363
[debug] [2026-03-29T05:25:41.585Z] Checked if tokens are valid: true, expires at: 1774764632363
[debug] [2026-03-29T05:25:41.585Z] >>> [apiv2][query] POST https://cloudfunctions.googleapis.com/v1/projects/lmad-bfa29/locations/us-central1/functions [none]
[debug] [2026-03-29T05:25:41.585Z] >>> [apiv2][body] POST https://cloudfunctions.googleapis.com/v1/projects/lmad-bfa29/locations/us-central1/functions {"name":"projects/lmad-bfa29/locations/us-central1/functions/api","sourceUploadUrl":"https://storage.googleapis.com/uploads-824583981300.us-central1.cloudfunctions.appspot.com/85da1fe7-aa37-470c-be2a-e6fa7e29fa89.zip?GoogleAccessId=service-659119217359@gcf-admin-robot.iam.gserviceaccount.com&Expires=1774763740&Signature=dyxKr2l8rX0QJgXK6mxIDsRD%2FjqK0M55r4kh28xLNd9tl2FZ14ukqgumKAo4mT9C86tA6KJkk%2Bwqv8gWhyXSM15L9LCJVMxOTXeJGFQxsrXsL3VcTQUGQa0a2uaECeKzQzV1y%2FGZVorx1MBCDjy5hppmTkvJ6DMTIV%2FXP7KP%2B4Ho8MNH6H9m4mwTMOaxOJJ8WQO1rRCM5zIh5f6tSyikinX%2Flzv22v%2BmVuuz7Pz9cnD3vYaW7tz8x6QyHiMJ8SrfkWY7RgWxnGgONa%2FyDA9oTogGjP92VItsdka2EO75LmmFdbT0ccnbOwSA6ml7lu8RuJyFOf3KGaA7Yd35K2PGBQ%3D%3D","entryPoint":"api","runtime":"nodejs22","dockerRegistry":"ARTIFACT_REGISTRY","labels":{"deployment-tool":"cli-firebase","firebase-functions-hash":"94de18393c557da911cae49e5f7cf215f37d5452"},"httpsTrigger":{"securityLevel":"SECURE_ALWAYS"},"minInstances":null,"maxInstances":null,"ingressSettings":null,"environmentVariables":{"FIREBASE_CONFIG":"{\"projectId\":\"lmad-bfa29\",\"databaseURL\":\"https://lmad-bfa29-default-rtdb.firebaseio.com\",\"storageBucket\":\"lmad-bfa29.firebasestorage.app\"}","GCLOUD_PROJECT":"lmad-bfa29","EVENTARC_CLOUD_EVENT_SOURCE":"projects/lmad-bfa29/locations/us-central1/functions/api"},"serviceAccountEmail":null,"availableMemoryMb":null,"timeout":null,"vpcConnector":null,"vpcConnectorEgressSettings":null,"buildEnvironmentVariables":{"GOOGLE_NODE_RUN_SCRIPTS":""}}
[debug] [2026-03-29T05:25:43.876Z] <<< [apiv2][status] POST https://cloudfunctions.googleapis.com/v1/projects/lmad-bfa29/locations/us-central1/functions 200
[debug] [2026-03-29T05:25:43.876Z] <<< [apiv2][body] POST https://cloudfunctions.googleapis.com/v1/projects/lmad-bfa29/locations/us-central1/functions {"name":"operations/cHJvamVjdHMvbG1hZC1iZmEyOS9sb2NhdGlvbnMvdXMtY2VudHJhbDEvb3BlcmF0aW9ucy9vcGVyYXRpb24tMTc3NDc2MTk0MTc5OS02NGUyMmY3MWExMmUwLWJhYjcyNWQ0LWNlZjFmY2Y5","metadata":{"@type":"type.googleapis.com/google.cloud.functions.v1.OperationMetadataV1","target":"projects/lmad-bfa29/locations/us-central1/functions/api","updateTime":"2026-03-29T05:25:43.776061810Z"}}
[debug] [2026-03-29T05:25:43.878Z] Checked if tokens are valid: true, expires at: 1774764632363
[debug] [2026-03-29T05:25:43.879Z] Checked if tokens are valid: true, expires at: 1774764632363
[debug] [2026-03-29T05:25:43.879Z] >>> [apiv2][query] GET https://cloudfunctions.googleapis.com/v1/operations/cHJvamVjdHMvbG1hZC1iZmEyOS9sb2NhdGlvbnMvdXMtY2VudHJhbDEvb3BlcmF0aW9ucy9vcGVyYXRpb24tMTc3NDc2MTk0MTc5OS02NGUyMmY3MWExMmUwLWJhYjcyNWQ0LWNlZjFmY2Y5 [none]
[debug] [2026-03-29T05:25:44.181Z] <<< [apiv2][status] GET https://cloudfunctions.googleapis.com/v1/operations/cHJvamVjdHMvbG1hZC1iZmEyOS9sb2NhdGlvbnMvdXMtY2VudHJhbDEvb3BlcmF0aW9ucy9vcGVyYXRpb24tMTc3NDc2MTk0MTc5OS02NGUyMmY3MWExMmUwLWJhYjcyNWQ0LWNlZjFmY2Y5 200
[debug] [2026-03-29T05:25:44.181Z] <<< [apiv2][body] GET https://cloudfunctions.googleapis.com/v1/operations/cHJvamVjdHMvbG1hZC1iZmEyOS9sb2NhdGlvbnMvdXMtY2VudHJhbDEvb3BlcmF0aW9ucy9vcGVyYXRpb24tMTc3NDc2MTk0MTc5OS02NGUyMmY3MWExMmUwLWJhYjcyNWQ0LWNlZjFmY2Y5 {"name":"operations/cHJvamVjdHMvbG1hZC1iZmEyOS9sb2NhdGlvbnMvdXMtY2VudHJhbDEvb3BlcmF0aW9ucy9vcGVyYXRpb24tMTc3NDc2MTk0MTc5OS02NGUyMmY3MWExMmUwLWJhYjcyNWQ0LWNlZjFmY2Y5","metadata":{"@type":"type.googleapis.com/google.cloud.functions.v1.OperationMetadataV1","target":"projects/lmad-bfa29/locations/us-central1/functions/api","updateTime":"2026-03-29T05:25:43.776061810Z"}}
[debug] [2026-03-29T05:25:44.685Z] [create-default-us-central1-api] Retrying task index 0
[debug] [2026-03-29T05:25:44.685Z] Checked if tokens are valid: true, expires at: 1774764632363
[debug] [2026-03-29T05:25:44.686Z] Checked if tokens are valid: true, expires at: 1774764632363
[debug] [2026-03-29T05:25:44.686Z] >>> [apiv2][query] GET https://cloudfunctions.googleapis.com/v1/operations/cHJvamVjdHMvbG1hZC1iZmEyOS9sb2NhdGlvbnMvdXMtY2VudHJhbDEvb3BlcmF0aW9ucy9vcGVyYXRpb24tMTc3NDc2MTk0MTc5OS02NGUyMmY3MWExMmUwLWJhYjcyNWQ0LWNlZjFmY2Y5 [none]
[debug] [2026-03-29T05:25:44.986Z] <<< [apiv2][status] GET https://cloudfunctions.googleapis.com/v1/operations/cHJvamVjdHMvbG1hZC1iZmEyOS9sb2NhdGlvbnMvdXMtY2VudHJhbDEvb3BlcmF0aW9ucy9vcGVyYXRpb24tMTc3NDc2MTk0MTc5OS02NGUyMmY3MWExMmUwLWJhYjcyNWQ0LWNlZjFmY2Y5 200
[debug] [2026-03-29T05:25:44.986Z] <<< [apiv2][body] GET https://cloudfunctions.googleapis.com/v1/operations/cHJvamVjdHMvbG1hZC1iZmEyOS9sb2NhdGlvbnMvdXMtY2VudHJhbDEvb3BlcmF0aW9ucy9vcGVyYXRpb24tMTc3NDc2MTk0MTc5OS02NGUyMmY3MWExMmUwLWJhYjcyNWQ0LWNlZjFmY2Y5 {"name":"operations/cHJvamVjdHMvbG1hZC1iZmEyOS9sb2NhdGlvbnMvdXMtY2VudHJhbDEvb3BlcmF0aW9ucy9vcGVyYXRpb24tMTc3NDc2MTk0MTc5OS02NGUyMmY3MWExMmUwLWJhYjcyNWQ0LWNlZjFmY2Y5","metadata":{"@type":"type.googleapis.com/google.cloud.functions.v1.OperationMetadataV1","target":"projects/lmad-bfa29/locations/us-central1/functions/api","type":"CREATE_FUNCTION","request":{"@type":"type.googleapis.com/google.cloud.functions.v1.CloudFunction","name":"projects/lmad-bfa29/locations/us-central1/functions/api","httpsTrigger":{"securityLevel":"SECURE_ALWAYS"},"entryPoint":"api","updateTime":"1970-01-01T00:00:00Z","labels":{"deployment-tool":"cli-firebase","firebase-functions-hash":"94de18393c557da911cae49e5f7cf215f37d5452"},"sourceUploadUrl":"https://storage.googleapis.com/uploads-824583981300.us-central1.cloudfunctions.appspot.com/85da1fe7-aa37-470c-be2a-e6fa7e29fa89.zip?GoogleAccessId=service-659119217359@gcf-admin-robot.iam.gserviceaccount.com&Expires=1774763740&Signature=dyxKr2l8rX0QJgXK6mxIDsRD%2FjqK0M55r4kh28xLNd9tl2FZ14ukqgumKAo4mT9C86tA6KJkk%2Bwqv8gWhyXSM15L9LCJVMxOTXeJGFQxsrXsL3VcTQUGQa0a2uaECeKzQzV1y%2FGZVorx1MBCDjy5hppmTkvJ6DMTIV%2FXP7KP%2B4Ho8MNH6H9m4mwTMOaxOJJ8WQO1rRCM5zIh5f6tSyikinX%2Flzv22v%2BmVuuz7Pz9cnD3vYaW7tz8x6QyHiMJ8SrfkWY7RgWxnGgONa%2FyDA9oTogGjP92VItsdka2EO75LmmFdbT0ccnbOwSA6ml7lu8RuJyFOf3KGaA7Yd35K2PGBQ%3D%3D","environmentVariables":{"FIREBASE_CONFIG":"{\"projectId\":\"lmad-bfa29\",\"databaseURL\":\"https://lmad-bfa29-default-rtdb.firebaseio.com\",\"storageBucket\":\"lmad-bfa29.firebasestorage.app\"}","GCLOUD_PROJECT":"lmad-bfa29","EVENTARC_CLOUD_EVENT_SOURCE":"projects/lmad-bfa29/locations/us-central1/functions/api"},"runtime":"nodejs22","buildEnvironmentVariables":{"GOOGLE_NODE_RUN_SCRIPTS":""},"dockerRegistry":"ARTIFACT_REGISTRY"},"versionId":"1","updateTime":"2026-03-29T05:25:43.776061810Z"}}
[debug] [2026-03-29T05:25:46.000Z] [create-default-us-central1-api] Retrying task index 0
[debug] [2026-03-29T05:25:46.000Z] Checked if tokens are valid: true, expires at: 1774764632363
[debug] [2026-03-29T05:25:46.000Z] Checked if tokens are valid: true, expires at: 1774764632363
[debug] [2026-03-29T05:25:46.000Z] >>> [apiv2][query] GET https://cloudfunctions.googleapis.com/v1/operations/cHJvamVjdHMvbG1hZC1iZmEyOS9sb2NhdGlvbnMvdXMtY2VudHJhbDEvb3BlcmF0aW9ucy9vcGVyYXRpb24tMTc3NDc2MTk0MTc5OS02NGUyMmY3MWExMmUwLWJhYjcyNWQ0LWNlZjFmY2Y5 [none]
[debug] [2026-03-29T05:25:46.303Z] <<< [apiv2][status] GET https://cloudfunctions.googleapis.com/v1/operations/cHJvamVjdHMvbG1hZC1iZmEyOS9sb2NhdGlvbnMvdXMtY2VudHJhbDEvb3BlcmF0aW9ucy9vcGVyYXRpb24tMTc3NDc2MTk0MTc5OS02NGUyMmY3MWExMmUwLWJhYjcyNWQ0LWNlZjFmY2Y5 200
[debug] [2026-03-29T05:25:46.303Z] <<< [apiv2][body] GET https://cloudfunctions.googleapis.com/v1/operations/cHJvamVjdHMvbG1hZC1iZmEyOS9sb2NhdGlvbnMvdXMtY2VudHJhbDEvb3BlcmF0aW9ucy9vcGVyYXRpb24tMTc3NDc2MTk0MTc5OS02NGUyMmY3MWExMmUwLWJhYjcyNWQ0LWNlZjFmY2Y5 {"name":"operations/cHJvamVjdHMvbG1hZC1iZmEyOS9sb2NhdGlvbnMvdXMtY2VudHJhbDEvb3BlcmF0aW9ucy9vcGVyYXRpb24tMTc3NDc2MTk0MTc5OS02NGUyMmY3MWExMmUwLWJhYjcyNWQ0LWNlZjFmY2Y5","metadata":{"@type":"type.googleapis.com/google.cloud.functions.v1.OperationMetadataV1","target":"projects/lmad-bfa29/locations/us-central1/functions/api","type":"CREATE_FUNCTION","request":{"@type":"type.googleapis.com/google.cloud.functions.v1.CloudFunction","name":"projects/lmad-bfa29/locations/us-central1/functions/api","httpsTrigger":{"securityLevel":"SECURE_ALWAYS"},"entryPoint":"api","updateTime":"1970-01-01T00:00:00Z","labels":{"deployment-tool":"cli-firebase","firebase-functions-hash":"94de18393c557da911cae49e5f7cf215f37d5452"},"sourceUploadUrl":"https://storage.googleapis.com/uploads-824583981300.us-central1.cloudfunctions.appspot.com/85da1fe7-aa37-470c-be2a-e6fa7e29fa89.zip?GoogleAccessId=service-659119217359@gcf-admin-robot.iam.gserviceaccount.com&Expires=1774763740&Signature=dyxKr2l8rX0QJgXK6mxIDsRD%2FjqK0M55r4kh28xLNd9tl2FZ14ukqgumKAo4mT9C86tA6KJkk%2Bwqv8gWhyXSM15L9LCJVMxOTXeJGFQxsrXsL3VcTQUGQa0a2uaECeKzQzV1y%2FGZVorx1MBCDjy5hppmTkvJ6DMTIV%2FXP7KP%2B4Ho8MNH6H9m4mwTMOaxOJJ8WQO1rRCM5zIh5f6tSyikinX%2Flzv22v%2BmVuuz7Pz9cnD3vYaW7tz8x6QyHiMJ8SrfkWY7RgWxnGgONa%2FyDA9oTogGjP92VItsdka2EO75LmmFdbT0ccnbOwSA6ml7lu8RuJyFOf3KGaA7Yd35K2PGBQ%3D%3D","environmentVariables":{"FIREBASE_CONFIG":"{\"projectId\":\"lmad-bfa29\",\"databaseURL\":\"https://lmad-bfa29-default-rtdb.firebaseio.com\",\"storageBucket\":\"lmad-bfa29.firebasestorage.app\"}","GCLOUD_PROJECT":"lmad-bfa29","EVENTARC_CLOUD_EVENT_SOURCE":"projects/lmad-bfa29/locations/us-central1/functions/api"},"runtime":"nodejs22","buildEnvironmentVariables":{"GOOGLE_NODE_RUN_SCRIPTS":""},"dockerRegistry":"ARTIFACT_REGISTRY"},"versionId":"1","updateTime":"2026-03-29T05:25:43.776061810Z"}}
[debug] [2026-03-29T05:25:48.308Z] [create-default-us-central1-api] Retrying task index 0
[debug] [2026-03-29T05:25:48.309Z] Checked if tokens are valid: true, expires at: 1774764632363
[debug] [2026-03-29T05:25:48.309Z] Checked if tokens are valid: true, expires at: 1774764632363
[debug] [2026-03-29T05:25:48.309Z] >>> [apiv2][query] GET https://cloudfunctions.googleapis.com/v1/operations/cHJvamVjdHMvbG1hZC1iZmEyOS9sb2NhdGlvbnMvdXMtY2VudHJhbDEvb3BlcmF0aW9ucy9vcGVyYXRpb24tMTc3NDc2MTk0MTc5OS02NGUyMmY3MWExMmUwLWJhYjcyNWQ0LWNlZjFmY2Y5 [none]
[debug] [2026-03-29T05:25:48.606Z] <<< [apiv2][status] GET https://cloudfunctions.googleapis.com/v1/operations/cHJvamVjdHMvbG1hZC1iZmEyOS9sb2NhdGlvbnMvdXMtY2VudHJhbDEvb3BlcmF0aW9ucy9vcGVyYXRpb24tMTc3NDc2MTk0MTc5OS02NGUyMmY3MWExMmUwLWJhYjcyNWQ0LWNlZjFmY2Y5 200
[debug] [2026-03-29T05:25:48.606Z] <<< [apiv2][body] GET https://cloudfunctions.googleapis.com/v1/operations/cHJvamVjdHMvbG1hZC1iZmEyOS9sb2NhdGlvbnMvdXMtY2VudHJhbDEvb3BlcmF0aW9ucy9vcGVyYXRpb24tMTc3NDc2MTk0MTc5OS02NGUyMmY3MWExMmUwLWJhYjcyNWQ0LWNlZjFmY2Y5 {"name":"operations/cHJvamVjdHMvbG1hZC1iZmEyOS9sb2NhdGlvbnMvdXMtY2VudHJhbDEvb3BlcmF0aW9ucy9vcGVyYXRpb24tMTc3NDc2MTk0MTc5OS02NGUyMmY3MWExMmUwLWJhYjcyNWQ0LWNlZjFmY2Y5","metadata":{"@type":"type.googleapis.com/google.cloud.functions.v1.OperationMetadataV1","target":"projects/lmad-bfa29/locations/us-central1/functions/api","type":"CREATE_FUNCTION","request":{"@type":"type.googleapis.com/google.cloud.functions.v1.CloudFunction","name":"projects/lmad-bfa29/locations/us-central1/functions/api","httpsTrigger":{"securityLevel":"SECURE_ALWAYS"},"entryPoint":"api","updateTime":"1970-01-01T00:00:00Z","labels":{"deployment-tool":"cli-firebase","firebase-functions-hash":"94de18393c557da911cae49e5f7cf215f37d5452"},"sourceUploadUrl":"https://storage.googleapis.com/uploads-824583981300.us-central1.cloudfunctions.appspot.com/85da1fe7-aa37-470c-be2a-e6fa7e29fa89.zip?GoogleAccessId=service-659119217359@gcf-admin-robot.iam.gserviceaccount.com&Expires=1774763740&Signature=dyxKr2l8rX0QJgXK6mxIDsRD%2FjqK0M55r4kh28xLNd9tl2FZ14ukqgumKAo4mT9C86tA6KJkk%2Bwqv8gWhyXSM15L9LCJVMxOTXeJGFQxsrXsL3VcTQUGQa0a2uaECeKzQzV1y%2FGZVorx1MBCDjy5hppmTkvJ6DMTIV%2FXP7KP%2B4Ho8MNH6H9m4mwTMOaxOJJ8WQO1rRCM5zIh5f6tSyikinX%2Flzv22v%2BmVuuz7Pz9cnD3vYaW7tz8x6QyHiMJ8SrfkWY7RgWxnGgONa%2FyDA9oTogGjP92VItsdka2EO75LmmFdbT0ccnbOwSA6ml7lu8RuJyFOf3KGaA7Yd35K2PGBQ%3D%3D","environmentVariables":{"FIREBASE_CONFIG":"{\"projectId\":\"lmad-bfa29\",\"databaseURL\":\"https://lmad-bfa29-default-rtdb.firebaseio.com\",\"storageBucket\":\"lmad-bfa29.firebasestorage.app\"}","GCLOUD_PROJECT":"lmad-bfa29","EVENTARC_CLOUD_EVENT_SOURCE":"projects/lmad-bfa29/locations/us-central1/functions/api"},"runtime":"nodejs22","buildEnvironmentVariables":{"GOOGLE_NODE_RUN_SCRIPTS":""},"dockerRegistry":"ARTIFACT_REGISTRY"},"versionId":"1","updateTime":"2026-03-29T05:25:43.776061810Z"}}
[debug] [2026-03-29T05:25:52.620Z] [create-default-us-central1-api] Retrying task index 0
[debug] [2026-03-29T05:25:52.621Z] Checked if tokens are valid: true, expires at: 1774764632363
[debug] [2026-03-29T05:25:52.621Z] Checked if tokens are valid: true, expires at: 1774764632363
[debug] [2026-03-29T05:25:52.621Z] >>> [apiv2][query] GET https://cloudfunctions.googleapis.com/v1/operations/cHJvamVjdHMvbG1hZC1iZmEyOS9sb2NhdGlvbnMvdXMtY2VudHJhbDEvb3BlcmF0aW9ucy9vcGVyYXRpb24tMTc3NDc2MTk0MTc5OS02NGUyMmY3MWExMmUwLWJhYjcyNWQ0LWNlZjFmY2Y5 [none]
[debug] [2026-03-29T05:25:52.903Z] <<< [apiv2][status] GET https://cloudfunctions.googleapis.com/v1/operations/cHJvamVjdHMvbG1hZC1iZmEyOS9sb2NhdGlvbnMvdXMtY2VudHJhbDEvb3BlcmF0aW9ucy9vcGVyYXRpb24tMTc3NDc2MTk0MTc5OS02NGUyMmY3MWExMmUwLWJhYjcyNWQ0LWNlZjFmY2Y5 200
[debug] [2026-03-29T05:25:52.903Z] <<< [apiv2][body] GET https://cloudfunctions.googleapis.com/v1/operations/cHJvamVjdHMvbG1hZC1iZmEyOS9sb2NhdGlvbnMvdXMtY2VudHJhbDEvb3BlcmF0aW9ucy9vcGVyYXRpb24tMTc3NDc2MTk0MTc5OS02NGUyMmY3MWExMmUwLWJhYjcyNWQ0LWNlZjFmY2Y5 {"name":"operations/cHJvamVjdHMvbG1hZC1iZmEyOS9sb2NhdGlvbnMvdXMtY2VudHJhbDEvb3BlcmF0aW9ucy9vcGVyYXRpb24tMTc3NDc2MTk0MTc5OS02NGUyMmY3MWExMmUwLWJhYjcyNWQ0LWNlZjFmY2Y5","metadata":{"@type":"type.googleapis.com/google.cloud.functions.v1.OperationMetadataV1","target":"projects/lmad-bfa29/locations/us-central1/functions/api","type":"CREATE_FUNCTION","request":{"@type":"type.googleapis.com/google.cloud.functions.v1.CloudFunction","name":"projects/lmad-bfa29/locations/us-central1/functions/api","httpsTrigger":{"securityLevel":"SECURE_ALWAYS"},"entryPoint":"api","updateTime":"1970-01-01T00:00:00Z","labels":{"deployment-tool":"cli-firebase","firebase-functions-hash":"94de18393c557da911cae49e5f7cf215f37d5452"},"sourceUploadUrl":"https://storage.googleapis.com/uploads-824583981300.us-central1.cloudfunctions.appspot.com/85da1fe7-aa37-470c-be2a-e6fa7e29fa89.zip?GoogleAccessId=service-659119217359@gcf-admin-robot.iam.gserviceaccount.com&Expires=1774763740&Signature=dyxKr2l8rX0QJgXK6mxIDsRD%2FjqK0M55r4kh28xLNd9tl2FZ14ukqgumKAo4mT9C86tA6KJkk%2Bwqv8gWhyXSM15L9LCJVMxOTXeJGFQxsrXsL3VcTQUGQa0a2uaECeKzQzV1y%2FGZVorx1MBCDjy5hppmTkvJ6DMTIV%2FXP7KP%2B4Ho8MNH6H9m4mwTMOaxOJJ8WQO1rRCM5zIh5f6tSyikinX%2Flzv22v%2BmVuuz7Pz9cnD3vYaW7tz8x6QyHiMJ8SrfkWY7RgWxnGgONa%2FyDA9oTogGjP92VItsdka2EO75LmmFdbT0ccnbOwSA6ml7lu8RuJyFOf3KGaA7Yd35K2PGBQ%3D%3D","environmentVariables":{"FIREBASE_CONFIG":"{\"projectId\":\"lmad-bfa29\",\"databaseURL\":\"https://lmad-bfa29-default-rtdb.firebaseio.com\",\"storageBucket\":\"lmad-bfa29.firebasestorage.app\"}","GCLOUD_PROJECT":"lmad-bfa29","EVENTARC_CLOUD_EVENT_SOURCE":"projects/lmad-bfa29/locations/us-central1/functions/api"},"runtime":"nodejs22","buildEnvironmentVariables":{"GOOGLE_NODE_RUN_SCRIPTS":""},"dockerRegistry":"ARTIFACT_REGISTRY"},"versionId":"1","updateTime":"2026-03-29T05:25:43.776061810Z"}}
[debug] [2026-03-29T05:26:00.908Z] [create-default-us-central1-api] Retrying task index 0
[debug] [2026-03-29T05:26:00.909Z] Checked if tokens are valid: true, expires at: 1774764632363
[debug] [2026-03-29T05:26:00.909Z] Checked if tokens are valid: true, expires at: 1774764632363
[debug] [2026-03-29T05:26:00.909Z] >>> [apiv2][query] GET https://cloudfunctions.googleapis.com/v1/operations/cHJvamVjdHMvbG1hZC1iZmEyOS9sb2NhdGlvbnMvdXMtY2VudHJhbDEvb3BlcmF0aW9ucy9vcGVyYXRpb24tMTc3NDc2MTk0MTc5OS02NGUyMmY3MWExMmUwLWJhYjcyNWQ0LWNlZjFmY2Y5 [none]
[debug] [2026-03-29T05:26:01.346Z] <<< [apiv2][status] GET https://cloudfunctions.googleapis.com/v1/operations/cHJvamVjdHMvbG1hZC1iZmEyOS9sb2NhdGlvbnMvdXMtY2VudHJhbDEvb3BlcmF0aW9ucy9vcGVyYXRpb24tMTc3NDc2MTk0MTc5OS02NGUyMmY3MWExMmUwLWJhYjcyNWQ0LWNlZjFmY2Y5 200
[debug] [2026-03-29T05:26:01.346Z] <<< [apiv2][body] GET https://cloudfunctions.googleapis.com/v1/operations/cHJvamVjdHMvbG1hZC1iZmEyOS9sb2NhdGlvbnMvdXMtY2VudHJhbDEvb3BlcmF0aW9ucy9vcGVyYXRpb24tMTc3NDc2MTk0MTc5OS02NGUyMmY3MWExMmUwLWJhYjcyNWQ0LWNlZjFmY2Y5 {"name":"operations/cHJvamVjdHMvbG1hZC1iZmEyOS9sb2NhdGlvbnMvdXMtY2VudHJhbDEvb3BlcmF0aW9ucy9vcGVyYXRpb24tMTc3NDc2MTk0MTc5OS02NGUyMmY3MWExMmUwLWJhYjcyNWQ0LWNlZjFmY2Y5","metadata":{"@type":"type.googleapis.com/google.cloud.functions.v1.OperationMetadataV1","target":"projects/lmad-bfa29/locations/us-central1/functions/api","type":"CREATE_FUNCTION","request":{"@type":"type.googleapis.com/google.cloud.functions.v1.CloudFunction","name":"projects/lmad-bfa29/locations/us-central1/functions/api","httpsTrigger":{"securityLevel":"SECURE_ALWAYS"},"entryPoint":"api","updateTime":"1970-01-01T00:00:00Z","labels":{"deployment-tool":"cli-firebase","firebase-functions-hash":"94de18393c557da911cae49e5f7cf215f37d5452"},"sourceUploadUrl":"https://storage.googleapis.com/uploads-824583981300.us-central1.cloudfunctions.appspot.com/85da1fe7-aa37-470c-be2a-e6fa7e29fa89.zip?GoogleAccessId=service-659119217359@gcf-admin-robot.iam.gserviceaccount.com&Expires=1774763740&Signature=dyxKr2l8rX0QJgXK6mxIDsRD%2FjqK0M55r4kh28xLNd9tl2FZ14ukqgumKAo4mT9C86tA6KJkk%2Bwqv8gWhyXSM15L9LCJVMxOTXeJGFQxsrXsL3VcTQUGQa0a2uaECeKzQzV1y%2FGZVorx1MBCDjy5hppmTkvJ6DMTIV%2FXP7KP%2B4Ho8MNH6H9m4mwTMOaxOJJ8WQO1rRCM5zIh5f6tSyikinX%2Flzv22v%2BmVuuz7Pz9cnD3vYaW7tz8x6QyHiMJ8SrfkWY7RgWxnGgONa%2FyDA9oTogGjP92VItsdka2EO75LmmFdbT0ccnbOwSA6ml7lu8RuJyFOf3KGaA7Yd35K2PGBQ%3D%3D","environmentVariables":{"FIREBASE_CONFIG":"{\"projectId\":\"lmad-bfa29\",\"databaseURL\":\"https://lmad-bfa29-default-rtdb.firebaseio.com\",\"storageBucket\":\"lmad-bfa29.firebasestorage.app\"}","GCLOUD_PROJECT":"lmad-bfa29","EVENTARC_CLOUD_EVENT_SOURCE":"projects/lmad-bfa29/locations/us-central1/functions/api"},"runtime":"nodejs22","buildEnvironmentVariables":{"GOOGLE_NODE_RUN_SCRIPTS":""},"dockerRegistry":"ARTIFACT_REGISTRY"},"versionId":"1","updateTime":"2026-03-29T05:25:43.776061810Z","buildId":"ab1fc53c-d286-43e1-a5e0-27275ebf6757","buildName":"projects/659119217359/locations/us-central1/builds/ab1fc53c-d286-43e1-a5e0-27275ebf6757"}}
[debug] [2026-03-29T05:26:11.352Z] [create-default-us-central1-api] Retrying task index 0
[debug] [2026-03-29T05:26:11.352Z] Checked if tokens are valid: true, expires at: 1774764632363
[debug] [2026-03-29T05:26:11.352Z] Checked if tokens are valid: true, expires at: 1774764632363
[debug] [2026-03-29T05:26:11.353Z] >>> [apiv2][query] GET https://cloudfunctions.googleapis.com/v1/operations/cHJvamVjdHMvbG1hZC1iZmEyOS9sb2NhdGlvbnMvdXMtY2VudHJhbDEvb3BlcmF0aW9ucy9vcGVyYXRpb24tMTc3NDc2MTk0MTc5OS02NGUyMmY3MWExMmUwLWJhYjcyNWQ0LWNlZjFmY2Y5 [none]
[debug] [2026-03-29T05:26:11.774Z] <<< [apiv2][status] GET https://cloudfunctions.googleapis.com/v1/operations/cHJvamVjdHMvbG1hZC1iZmEyOS9sb2NhdGlvbnMvdXMtY2VudHJhbDEvb3BlcmF0aW9ucy9vcGVyYXRpb24tMTc3NDc2MTk0MTc5OS02NGUyMmY3MWExMmUwLWJhYjcyNWQ0LWNlZjFmY2Y5 200
[debug] [2026-03-29T05:26:11.774Z] <<< [apiv2][body] GET https://cloudfunctions.googleapis.com/v1/operations/cHJvamVjdHMvbG1hZC1iZmEyOS9sb2NhdGlvbnMvdXMtY2VudHJhbDEvb3BlcmF0aW9ucy9vcGVyYXRpb24tMTc3NDc2MTk0MTc5OS02NGUyMmY3MWExMmUwLWJhYjcyNWQ0LWNlZjFmY2Y5 {"name":"operations/cHJvamVjdHMvbG1hZC1iZmEyOS9sb2NhdGlvbnMvdXMtY2VudHJhbDEvb3BlcmF0aW9ucy9vcGVyYXRpb24tMTc3NDc2MTk0MTc5OS02NGUyMmY3MWExMmUwLWJhYjcyNWQ0LWNlZjFmY2Y5","metadata":{"@type":"type.googleapis.com/google.cloud.functions.v1.OperationMetadataV1","target":"projects/lmad-bfa29/locations/us-central1/functions/api","type":"CREATE_FUNCTION","request":{"@type":"type.googleapis.com/google.cloud.functions.v1.CloudFunction","name":"projects/lmad-bfa29/locations/us-central1/functions/api","httpsTrigger":{"securityLevel":"SECURE_ALWAYS"},"entryPoint":"api","updateTime":"1970-01-01T00:00:00Z","labels":{"deployment-tool":"cli-firebase","firebase-functions-hash":"94de18393c557da911cae49e5f7cf215f37d5452"},"sourceUploadUrl":"https://storage.googleapis.com/uploads-824583981300.us-central1.cloudfunctions.appspot.com/85da1fe7-aa37-470c-be2a-e6fa7e29fa89.zip?GoogleAccessId=service-659119217359@gcf-admin-robot.iam.gserviceaccount.com&Expires=1774763740&Signature=dyxKr2l8rX0QJgXK6mxIDsRD%2FjqK0M55r4kh28xLNd9tl2FZ14ukqgumKAo4mT9C86tA6KJkk%2Bwqv8gWhyXSM15L9LCJVMxOTXeJGFQxsrXsL3VcTQUGQa0a2uaECeKzQzV1y%2FGZVorx1MBCDjy5hppmTkvJ6DMTIV%2FXP7KP%2B4Ho8MNH6H9m4mwTMOaxOJJ8WQO1rRCM5zIh5f6tSyikinX%2Flzv22v%2BmVuuz7Pz9cnD3vYaW7tz8x6QyHiMJ8SrfkWY7RgWxnGgONa%2FyDA9oTogGjP92VItsdka2EO75LmmFdbT0ccnbOwSA6ml7lu8RuJyFOf3KGaA7Yd35K2PGBQ%3D%3D","environmentVariables":{"FIREBASE_CONFIG":"{\"projectId\":\"lmad-bfa29\",\"databaseURL\":\"https://lmad-bfa29-default-rtdb.firebaseio.com\",\"storageBucket\":\"lmad-bfa29.firebasestorage.app\"}","GCLOUD_PROJECT":"lmad-bfa29","EVENTARC_CLOUD_EVENT_SOURCE":"projects/lmad-bfa29/locations/us-central1/functions/api"},"runtime":"nodejs22","buildEnvironmentVariables":{"GOOGLE_NODE_RUN_SCRIPTS":""},"dockerRegistry":"ARTIFACT_REGISTRY"},"versionId":"1","updateTime":"2026-03-29T05:25:43.776061810Z","buildId":"ab1fc53c-d286-43e1-a5e0-27275ebf6757","buildName":"projects/659119217359/locations/us-central1/builds/ab1fc53c-d286-43e1-a5e0-27275ebf6757"}}
[debug] [2026-03-29T05:26:21.774Z] [create-default-us-central1-api] Retrying task index 0
[debug] [2026-03-29T05:26:21.775Z] Checked if tokens are valid: true, expires at: 1774764632363
[debug] [2026-03-29T05:26:21.776Z] Checked if tokens are valid: true, expires at: 1774764632363
[debug] [2026-03-29T05:26:21.776Z] >>> [apiv2][query] GET https://cloudfunctions.googleapis.com/v1/operations/cHJvamVjdHMvbG1hZC1iZmEyOS9sb2NhdGlvbnMvdXMtY2VudHJhbDEvb3BlcmF0aW9ucy9vcGVyYXRpb24tMTc3NDc2MTk0MTc5OS02NGUyMmY3MWExMmUwLWJhYjcyNWQ0LWNlZjFmY2Y5 [none]
[debug] [2026-03-29T05:26:22.196Z] <<< [apiv2][status] GET https://cloudfunctions.googleapis.com/v1/operations/cHJvamVjdHMvbG1hZC1iZmEyOS9sb2NhdGlvbnMvdXMtY2VudHJhbDEvb3BlcmF0aW9ucy9vcGVyYXRpb24tMTc3NDc2MTk0MTc5OS02NGUyMmY3MWExMmUwLWJhYjcyNWQ0LWNlZjFmY2Y5 200
[debug] [2026-03-29T05:26:22.196Z] <<< [apiv2][body] GET https://cloudfunctions.googleapis.com/v1/operations/cHJvamVjdHMvbG1hZC1iZmEyOS9sb2NhdGlvbnMvdXMtY2VudHJhbDEvb3BlcmF0aW9ucy9vcGVyYXRpb24tMTc3NDc2MTk0MTc5OS02NGUyMmY3MWExMmUwLWJhYjcyNWQ0LWNlZjFmY2Y5 {"name":"operations/cHJvamVjdHMvbG1hZC1iZmEyOS9sb2NhdGlvbnMvdXMtY2VudHJhbDEvb3BlcmF0aW9ucy9vcGVyYXRpb24tMTc3NDc2MTk0MTc5OS02NGUyMmY3MWExMmUwLWJhYjcyNWQ0LWNlZjFmY2Y5","metadata":{"@type":"type.googleapis.com/google.cloud.functions.v1.OperationMetadataV1","target":"projects/lmad-bfa29/locations/us-central1/functions/api","type":"CREATE_FUNCTION","request":{"@type":"type.googleapis.com/google.cloud.functions.v1.CloudFunction","name":"projects/lmad-bfa29/locations/us-central1/functions/api","httpsTrigger":{"securityLevel":"SECURE_ALWAYS"},"entryPoint":"api","updateTime":"1970-01-01T00:00:00Z","labels":{"deployment-tool":"cli-firebase","firebase-functions-hash":"94de18393c557da911cae49e5f7cf215f37d5452"},"sourceUploadUrl":"https://storage.googleapis.com/uploads-824583981300.us-central1.cloudfunctions.appspot.com/85da1fe7-aa37-470c-be2a-e6fa7e29fa89.zip?GoogleAccessId=service-659119217359@gcf-admin-robot.iam.gserviceaccount.com&Expires=1774763740&Signature=dyxKr2l8rX0QJgXK6mxIDsRD%2FjqK0M55r4kh28xLNd9tl2FZ14ukqgumKAo4mT9C86tA6KJkk%2Bwqv8gWhyXSM15L9LCJVMxOTXeJGFQxsrXsL3VcTQUGQa0a2uaECeKzQzV1y%2FGZVorx1MBCDjy5hppmTkvJ6DMTIV%2FXP7KP%2B4Ho8MNH6H9m4mwTMOaxOJJ8WQO1rRCM5zIh5f6tSyikinX%2Flzv22v%2BmVuuz7Pz9cnD3vYaW7tz8x6QyHiMJ8SrfkWY7RgWxnGgONa%2FyDA9oTogGjP92VItsdka2EO75LmmFdbT0ccnbOwSA6ml7lu8RuJyFOf3KGaA7Yd35K2PGBQ%3D%3D","environmentVariables":{"FIREBASE_CONFIG":"{\"projectId\":\"lmad-bfa29\",\"databaseURL\":\"https://lmad-bfa29-default-rtdb.firebaseio.com\",\"storageBucket\":\"lmad-bfa29.firebasestorage.app\"}","GCLOUD_PROJECT":"lmad-bfa29","EVENTARC_CLOUD_EVENT_SOURCE":"projects/lmad-bfa29/locations/us-central1/functions/api"},"runtime":"nodejs22","buildEnvironmentVariables":{"GOOGLE_NODE_RUN_SCRIPTS":""},"dockerRegistry":"ARTIFACT_REGISTRY"},"versionId":"1","updateTime":"2026-03-29T05:25:43.776061810Z","buildId":"ab1fc53c-d286-43e1-a5e0-27275ebf6757","buildName":"projects/659119217359/locations/us-central1/builds/ab1fc53c-d286-43e1-a5e0-27275ebf6757"}}
[debug] [2026-03-29T05:26:32.205Z] [create-default-us-central1-api] Retrying task index 0
[debug] [2026-03-29T05:26:32.206Z] Checked if tokens are valid: true, expires at: 1774764632363
[debug] [2026-03-29T05:26:32.206Z] Checked if tokens are valid: true, expires at: 1774764632363
[debug] [2026-03-29T05:26:32.206Z] >>> [apiv2][query] GET https://cloudfunctions.googleapis.com/v1/operations/cHJvamVjdHMvbG1hZC1iZmEyOS9sb2NhdGlvbnMvdXMtY2VudHJhbDEvb3BlcmF0aW9ucy9vcGVyYXRpb24tMTc3NDc2MTk0MTc5OS02NGUyMmY3MWExMmUwLWJhYjcyNWQ0LWNlZjFmY2Y5 [none]
[debug] [2026-03-29T05:26:32.642Z] <<< [apiv2][status] GET https://cloudfunctions.googleapis.com/v1/operations/cHJvamVjdHMvbG1hZC1iZmEyOS9sb2NhdGlvbnMvdXMtY2VudHJhbDEvb3BlcmF0aW9ucy9vcGVyYXRpb24tMTc3NDc2MTk0MTc5OS02NGUyMmY3MWExMmUwLWJhYjcyNWQ0LWNlZjFmY2Y5 200
[debug] [2026-03-29T05:26:32.643Z] <<< [apiv2][body] GET https://cloudfunctions.googleapis.com/v1/operations/cHJvamVjdHMvbG1hZC1iZmEyOS9sb2NhdGlvbnMvdXMtY2VudHJhbDEvb3BlcmF0aW9ucy9vcGVyYXRpb24tMTc3NDc2MTk0MTc5OS02NGUyMmY3MWExMmUwLWJhYjcyNWQ0LWNlZjFmY2Y5 {"name":"operations/cHJvamVjdHMvbG1hZC1iZmEyOS9sb2NhdGlvbnMvdXMtY2VudHJhbDEvb3BlcmF0aW9ucy9vcGVyYXRpb24tMTc3NDc2MTk0MTc5OS02NGUyMmY3MWExMmUwLWJhYjcyNWQ0LWNlZjFmY2Y5","metadata":{"@type":"type.googleapis.com/google.cloud.functions.v1.OperationMetadataV1","target":"projects/lmad-bfa29/locations/us-central1/functions/api","type":"CREATE_FUNCTION","request":{"@type":"type.googleapis.com/google.cloud.functions.v1.CloudFunction","name":"projects/lmad-bfa29/locations/us-central1/functions/api","httpsTrigger":{"securityLevel":"SECURE_ALWAYS"},"entryPoint":"api","updateTime":"1970-01-01T00:00:00Z","labels":{"deployment-tool":"cli-firebase","firebase-functions-hash":"94de18393c557da911cae49e5f7cf215f37d5452"},"sourceUploadUrl":"https://storage.googleapis.com/uploads-824583981300.us-central1.cloudfunctions.appspot.com/85da1fe7-aa37-470c-be2a-e6fa7e29fa89.zip?GoogleAccessId=service-659119217359@gcf-admin-robot.iam.gserviceaccount.com&Expires=1774763740&Signature=dyxKr2l8rX0QJgXK6mxIDsRD%2FjqK0M55r4kh28xLNd9tl2FZ14ukqgumKAo4mT9C86tA6KJkk%2Bwqv8gWhyXSM15L9LCJVMxOTXeJGFQxsrXsL3VcTQUGQa0a2uaECeKzQzV1y%2FGZVorx1MBCDjy5hppmTkvJ6DMTIV%2FXP7KP%2B4Ho8MNH6H9m4mwTMOaxOJJ8WQO1rRCM5zIh5f6tSyikinX%2Flzv22v%2BmVuuz7Pz9cnD3vYaW7tz8x6QyHiMJ8SrfkWY7RgWxnGgONa%2FyDA9oTogGjP92VItsdka2EO75LmmFdbT0ccnbOwSA6ml7lu8RuJyFOf3KGaA7Yd35K2PGBQ%3D%3D","environmentVariables":{"FIREBASE_CONFIG":"{\"projectId\":\"lmad-bfa29\",\"databaseURL\":\"https://lmad-bfa29-default-rtdb.firebaseio.com\",\"storageBucket\":\"lmad-bfa29.firebasestorage.app\"}","GCLOUD_PROJECT":"lmad-bfa29","EVENTARC_CLOUD_EVENT_SOURCE":"projects/lmad-bfa29/locations/us-central1/functions/api"},"runtime":"nodejs22","buildEnvironmentVariables":{"GOOGLE_NODE_RUN_SCRIPTS":""},"dockerRegistry":"ARTIFACT_REGISTRY"},"versionId":"1","updateTime":"2026-03-29T05:26:24.714030932Z","buildId":"ab1fc53c-d286-43e1-a5e0-27275ebf6757","buildName":"projects/659119217359/locations/us-central1/builds/ab1fc53c-d286-43e1-a5e0-27275ebf6757"},"done":true,"error":{"code":3,"message":"Gen1 operation for function projects/lmad-bfa29/locations/us-central1/functions/api failed: Build failed: Access to bucket gcf-sources-659119217359-us-central1 denied. You must grant Storage Object Viewer permission to 659119217359-compute@developer.gserviceaccount.com. If you are using VPC Service Controls, you must also grant it access to your service perimeter.\n."}}
[debug] [2026-03-29T05:26:32.643Z] Got source token undefined for region us-central1
[error] Gen1 operation for function projects/lmad-bfa29/locations/us-central1/functions/api failed: Build failed: Access to bucket gcf-sources-659119217359-us-central1 denied. You must grant Storage Object Viewer permission to 659119217359-compute@developer.gserviceaccount.com. If you are using VPC Service Controls, you must also grant it access to your service perimeter.
.
[debug] [2026-03-29T05:26:32.650Z] Total Function Deployment time: 51063
[debug] [2026-03-29T05:26:32.651Z] 1 Functions Deployed
[debug] [2026-03-29T05:26:32.651Z] 1 Functions Errored
[debug] [2026-03-29T05:26:32.651Z] 0 Function Deployments Aborted
[debug] [2026-03-29T05:26:32.651Z] Average Function Deployment time: 51062
[info] 
[info] Functions deploy had errors with the following functions:
	api(us-central1)
[debug] [2026-03-29T05:26:32.922Z] Not printing URL for HTTPS function. Typically this means it didn't match a filter or we failed deployment
[debug] [2026-03-29T05:26:32.924Z] Checked if tokens are valid: true, expires at: 1774764632363
[debug] [2026-03-29T05:26:32.924Z] Checked if tokens are valid: true, expires at: 1774764632363
[debug] [2026-03-29T05:26:32.924Z] >>> [apiv2][query] GET https://artifactregistry.googleapis.com/v1/projects/lmad-bfa29/locations/us-central1/repositories/gcf-artifacts [none]
[debug] [2026-03-29T05:26:34.006Z] <<< [apiv2][status] GET https://artifactregistry.googleapis.com/v1/projects/lmad-bfa29/locations/us-central1/repositories/gcf-artifacts 200
[debug] [2026-03-29T05:26:34.007Z] <<< [apiv2][body] GET https://artifactregistry.googleapis.com/v1/projects/lmad-bfa29/locations/us-central1/repositories/gcf-artifacts {"name":"projects/lmad-bfa29/locations/us-central1/repositories/gcf-artifacts","format":"DOCKER","description":"This repository is created and used by Cloud Functions for storing function docker images.","labels":{"goog-managed-by":"cloudfunctions"},"createTime":"2026-03-29T05:25:54.917814Z","updateTime":"2026-03-29T05:25:54.917814Z","mode":"STANDARD_REPOSITORY","vulnerabilityScanningConfig":{"lastEnableTime":"2026-03-29T05:25:45.964428318Z","enablementState":"SCANNING_DISABLED","enablementStateReason":"API containerscanning.googleapis.com is not enabled."},"satisfiesPzi":true,"registryUri":"us-central1-docker.pkg.dev/lmad-bfa29/gcf-artifacts"}
[warn] !  functions: No cleanup policy detected for repositories in us-central1. This may result in a small monthly bill as container images accumulate over time. 
[info] i  functions: Configuring cleanup policy for repository in us-central1. Images older than 1 days will be automatically deleted. 
[debug] [2026-03-29T07:20:35.159Z] Setting up artifact cleanup policy for region us-central1
[debug] [2026-03-29T07:20:35.160Z] Checked if tokens are valid: false, expires at: 1774764632363
[debug] [2026-03-29T07:20:35.160Z] Checked if tokens are valid: false, expires at: 1774764632363
[debug] [2026-03-29T07:20:35.160Z] > refreshing access token with scopes: []
[debug] [2026-03-29T07:20:35.161Z] >>> [apiv2][query] POST https://www.googleapis.com/oauth2/v3/token [none]
[debug] [2026-03-29T07:20:35.161Z] >>> [apiv2][body] POST https://www.googleapis.com/oauth2/v3/token [omitted]
[debug] [2026-03-29T07:20:35.446Z] <<< [apiv2][status] POST https://www.googleapis.com/oauth2/v3/token 200
[debug] [2026-03-29T07:20:35.447Z] <<< [apiv2][body] POST https://www.googleapis.com/oauth2/v3/token [omitted]
[debug] [2026-03-29T07:20:35.475Z] >>> [apiv2][query] PATCH https://artifactregistry.googleapis.com/v1/projects/lmad-bfa29/locations/us-central1/repositories/gcf-artifacts updateMask=name%2CcleanupPolicies%2CcleanupPolicyDryRun%2Clabels
[debug] [2026-03-29T07:20:35.475Z] >>> [apiv2][body] PATCH https://artifactregistry.googleapis.com/v1/projects/lmad-bfa29/locations/us-central1/repositories/gcf-artifacts {"name":"projects/lmad-bfa29/locations/us-central1/repositories/gcf-artifacts","cleanupPolicies":{"firebase-functions-cleanup":{"id":"firebase-functions-cleanup","condition":{"tagState":"ANY","olderThan":"86400s"},"action":"DELETE"}},"cleanupPolicyDryRun":false,"labels":{"goog-managed-by":"cloudfunctions"}}
[debug] [2026-03-29T07:20:36.577Z] <<< [apiv2][status] PATCH https://artifactregistry.googleapis.com/v1/projects/lmad-bfa29/locations/us-central1/repositories/gcf-artifacts 200
[debug] [2026-03-29T07:20:36.577Z] <<< [apiv2][body] PATCH https://artifactregistry.googleapis.com/v1/projects/lmad-bfa29/locations/us-central1/repositories/gcf-artifacts {"name":"projects/lmad-bfa29/locations/us-central1/repositories/gcf-artifacts","format":"DOCKER","description":"This repository is created and used by Cloud Functions for storing function docker images.","labels":{"goog-managed-by":"cloudfunctions"},"createTime":"2026-03-29T05:25:54.917814Z","updateTime":"2026-03-29T07:20:36.457832Z","mode":"STANDARD_REPOSITORY","cleanupPolicies":{"firebase-functions-cleanup":{"id":"firebase-functions-cleanup","action":"DELETE","condition":{"tagState":"ANY","olderThan":"86400s"}}},"vulnerabilityScanningConfig":{"lastEnableTime":"2026-03-29T05:25:45.964428318Z","enablementState":"SCANNING_DISABLED","enablementStateReason":"API containerscanning.googleapis.com is not enabled."},"satisfiesPzi":true}
[info] i  functions: Configured cleanup policy for repository in us-central1. 
[debug] [2026-03-29T07:20:36.578Z] Functions deploy failed.
[debug] [2026-03-29T07:20:36.578Z] {
  "endpoint": {
    "id": "api",
    "project": "lmad-bfa29",
    "region": "us-central1",
    "entryPoint": "api",
    "platform": "gcfv1",
    "runtime": "nodejs22",
    "httpsTrigger": {},
    "serviceAccount": null,
    "ingressSettings": null,
    "availableMemoryMb": null,
    "timeoutSeconds": null,
    "maxInstances": null,
    "minInstances": null,
    "vpc": null,
    "environmentVariables": {
      "FIREBASE_CONFIG": "{\"projectId\":\"lmad-bfa29\",\"databaseURL\":\"https://lmad-bfa29-default-rtdb.firebaseio.com\",\"storageBucket\":\"lmad-bfa29.firebasestorage.app\"}",
      "GCLOUD_PROJECT": "lmad-bfa29",
      "EVENTARC_CLOUD_EVENT_SOURCE": "projects/lmad-bfa29/locations/us-central1/functions/api"
    },
    "codebase": "default",
    "targetedByOnly": false,
    "hash": "94de18393c557da911cae49e5f7cf215f37d5452",
    "labels": {
      "deployment-tool": "cli-firebase"
    }
  },
  "op": "create",
  "original": {
    "name": "FirebaseError",
    "children": [],
    "exit": 1,
    "message": "Gen1 operation for function projects/lmad-bfa29/locations/us-central1/functions/api failed: Build failed: Access to bucket gcf-sources-659119217359-us-central1 denied. You must grant Storage Object Viewer permission to 659119217359-compute@developer.gserviceaccount.com. If you are using VPC Service Controls, you must also grant it access to your service perimeter.\n.",
    "original": {
      "code": 3,
      "message": "Gen1 operation for function projects/lmad-bfa29/locations/us-central1/functions/api failed: Build failed: Access to bucket gcf-sources-659119217359-us-central1 denied. You must grant Storage Object Viewer permission to 659119217359-compute@developer.gserviceaccount.com. If you are using VPC Service Controls, you must also grant it access to your service perimeter.\n."
    },
    "status": 3,
    "code": 3
  }
}
[debug] [2026-03-29T07:20:36.829Z] Error: Failed to create function api in region us-central1
    at C:\Users\majed\AppData\Roaming\npm\node_modules\firebase-tools\lib\deploy\functions\release\fabricator.js:54:11
    at process.processTicksAndRejections (node:internal/process/task_queues:103:5)
    at async Fabricator.createV1Function (C:\Users\majed\AppData\Roaming\npm\node_modules\firebase-tools\lib\deploy\functions\release\fabricator.js:194:32)
    at async Fabricator.createEndpoint (C:\Users\majed\AppData\Roaming\npm\node_modules\firebase-tools\lib\deploy\functions\release\fabricator.js:137:13)
    at async handle (C:\Users\majed\AppData\Roaming\npm\node_modules\firebase-tools\lib\deploy\functions\release\fabricator.js:92:17)
[error] 
[error] Error: There was an error deploying functions
[debug] [2026-03-29T07:20:39.584Z] ----------------------------------------------------------------------
[debug] [2026-03-29T07:20:39.586Z] Command:       C:\Program Files\nodejs\node.exe C:\Users\majed\AppData\Roaming\npm\node_modules\firebase-tools\lib\bin\firebase.js deploy --only functions
[debug] [2026-03-29T07:20:39.586Z] CLI Version:   15.12.0
[debug] [2026-03-29T07:20:39.586Z] Platform:      win32
[debug] [2026-03-29T07:20:39.586Z] Node Version:  v24.12.0
[debug] [2026-03-29T07:20:39.586Z] Time:          Sun Mar 29 2026 11:20:39 GMT+0400 (توقيت الخليج)
[debug] [2026-03-29T07:20:39.587Z] ----------------------------------------------------------------------
[debug] 
[debug] [2026-03-29T07:20:42.219Z] > command requires scopes: ["email","openid","https://www.googleapis.com/auth/cloudplatformprojects.readonly","https://www.googleapis.com/auth/firebase","https://www.googleapis.com/auth/cloud-platform"]
[debug] [2026-03-29T07:20:42.219Z] > authorizing via signed-in user (majed774@gmail.com)
[debug] [2026-03-29T07:20:42.219Z] [iam] checking project lmad-bfa29 for permissions ["cloudfunctions.functions.create","cloudfunctions.functions.delete","cloudfunctions.functions.get","cloudfunctions.functions.list","cloudfunctions.functions.update","cloudfunctions.operations.get","firebase.projects.get"]
[debug] [2026-03-29T07:20:42.220Z] Checked if tokens are valid: true, expires at: 1774772434447
[debug] [2026-03-29T07:20:42.220Z] Checked if tokens are valid: true, expires at: 1774772434447
[debug] [2026-03-29T07:20:42.221Z] >>> [apiv2][query] POST https://cloudresourcemanager.googleapis.com/v1/projects/lmad-bfa29:testIamPermissions [none]
[debug] [2026-03-29T07:20:42.221Z] >>> [apiv2][(partial)header] POST https://cloudresourcemanager.googleapis.com/v1/projects/lmad-bfa29:testIamPermissions  x-goog-user-project=lmad-bfa29
[debug] [2026-03-29T07:20:42.221Z] >>> [apiv2][body] POST https://cloudresourcemanager.googleapis.com/v1/projects/lmad-bfa29:testIamPermissions {"permissions":["cloudfunctions.functions.create","cloudfunctions.functions.delete","cloudfunctions.functions.get","cloudfunctions.functions.list","cloudfunctions.functions.update","cloudfunctions.operations.get","firebase.projects.get"]}
[debug] [2026-03-29T07:20:43.699Z] <<< [apiv2][status] POST https://cloudresourcemanager.googleapis.com/v1/projects/lmad-bfa29:testIamPermissions 200
[debug] [2026-03-29T07:20:43.699Z] <<< [apiv2][body] POST https://cloudresourcemanager.googleapis.com/v1/projects/lmad-bfa29:testIamPermissions {"permissions":["cloudfunctions.functions.create","cloudfunctions.functions.delete","cloudfunctions.functions.get","cloudfunctions.functions.list","cloudfunctions.functions.update","cloudfunctions.operations.get","firebase.projects.get"]}
[debug] [2026-03-29T07:20:43.699Z] Checked if tokens are valid: true, expires at: 1774772434447
[debug] [2026-03-29T07:20:43.699Z] Checked if tokens are valid: true, expires at: 1774772434447
[debug] [2026-03-29T07:20:43.699Z] >>> [apiv2][query] POST https://iam.googleapis.com/v1/projects/lmad-bfa29/serviceAccounts/lmad-bfa29@appspot.gserviceaccount.com:testIamPermissions [none]
[debug] [2026-03-29T07:20:43.699Z] >>> [apiv2][body] POST https://iam.googleapis.com/v1/projects/lmad-bfa29/serviceAccounts/lmad-bfa29@appspot.gserviceaccount.com:testIamPermissions {"permissions":["iam.serviceAccounts.actAs"]}
[debug] [2026-03-29T07:20:45.182Z] <<< [apiv2][status] POST https://iam.googleapis.com/v1/projects/lmad-bfa29/serviceAccounts/lmad-bfa29@appspot.gserviceaccount.com:testIamPermissions 200
[debug] [2026-03-29T07:20:45.182Z] <<< [apiv2][body] POST https://iam.googleapis.com/v1/projects/lmad-bfa29/serviceAccounts/lmad-bfa29@appspot.gserviceaccount.com:testIamPermissions {"permissions":["iam.serviceAccounts.actAs"]}
[info] 
[info] === Deploying to 'lmad-bfa29'...
[info] 
[info] i  deploying functions 
[debug] [2026-03-29T07:20:45.186Z] Checked if tokens are valid: true, expires at: 1774772434447
[debug] [2026-03-29T07:20:45.186Z] Checked if tokens are valid: true, expires at: 1774772434447
[debug] [2026-03-29T07:20:45.186Z] >>> [apiv2][query] GET https://cloudresourcemanager.googleapis.com/v1/projects/lmad-bfa29 [none]
[debug] [2026-03-29T07:20:45.459Z] <<< [apiv2][status] GET https://cloudresourcemanager.googleapis.com/v1/projects/lmad-bfa29 200
[debug] [2026-03-29T07:20:45.459Z] <<< [apiv2][body] GET https://cloudresourcemanager.googleapis.com/v1/projects/lmad-bfa29 {"projectNumber":"659119217359","projectId":"lmad-bfa29","lifecycleState":"ACTIVE","name":"Lmad","labels":{"firebase":"enabled","firebase-core":"disabled"},"createTime":"2026-03-28T01:51:53.718Z"}
[info] i  functions: preparing codebase default for deployment 
[info] i  functions: ensuring required API cloudfunctions.googleapis.com is enabled... 
[info] i  functions: ensuring required API cloudbuild.googleapis.com is enabled... 
[info] i  artifactregistry: ensuring required API artifactregistry.googleapis.com is enabled... 
[debug] [2026-03-29T07:20:45.461Z] Checked if tokens are valid: true, expires at: 1774772434447
[debug] [2026-03-29T07:20:45.461Z] Checked if tokens are valid: true, expires at: 1774772434447
[debug] [2026-03-29T07:20:45.461Z] >>> [apiv2][query] GET https://firebase.googleapis.com/v1beta1/projects/lmad-bfa29/adminSdkConfig [none]
[debug] [2026-03-29T07:20:46.103Z] <<< [apiv2][status] GET https://firebase.googleapis.com/v1beta1/projects/lmad-bfa29/adminSdkConfig 200
[debug] [2026-03-29T07:20:46.104Z] <<< [apiv2][body] GET https://firebase.googleapis.com/v1beta1/projects/lmad-bfa29/adminSdkConfig {"projectId":"lmad-bfa29","databaseURL":"https://lmad-bfa29-default-rtdb.firebaseio.com","storageBucket":"lmad-bfa29.firebasestorage.app"}
[debug] [2026-03-29T07:20:46.105Z] Checked if tokens are valid: true, expires at: 1774772434447
[debug] [2026-03-29T07:20:46.105Z] Checked if tokens are valid: true, expires at: 1774772434447
[debug] [2026-03-29T07:20:46.106Z] >>> [apiv2][query] GET https://runtimeconfig.googleapis.com/v1beta1/projects/lmad-bfa29/configs [none]
[debug] [2026-03-29T07:20:47.166Z] <<< [apiv2][status] GET https://runtimeconfig.googleapis.com/v1beta1/projects/lmad-bfa29/configs 200
[debug] [2026-03-29T07:20:47.167Z] <<< [apiv2][body] GET https://runtimeconfig.googleapis.com/v1beta1/projects/lmad-bfa29/configs {}
[debug] [2026-03-29T07:20:47.169Z] Validating nodejs source
[warn] !  functions: package.json indicates an outdated version of firebase-functions. Please upgrade using npm install --save firebase-functions@latest in your functions directory. 
[warn] !  functions: Please note that there will be breaking changes when you upgrade. 
[debug] [2026-03-29T07:20:48.858Z] > [functions] package.json contents: {
  "name": "lmad-functions",
  "version": "1.0.0",
  "engines": {
    "node": "22"
  },
  "main": "src/index.js",
  "dependencies": {
    "axios": "^1.6.0",
    "cors": "^2.8.5",
    "firebase-admin": "^11.0.0",
    "firebase-functions": "^4.0.0"
  },
  "scripts": {
    "deploy": "firebase deploy --only functions"
  }
}
[debug] [2026-03-29T07:20:48.859Z] Building nodejs source
[info] i  functions: Loading and analyzing source code for codebase default to determine what to deploy 
[info] i  functions: You are using a version of firebase-functions SDK (4.9.0) that does not have support for the newest Firebase Extensions features. Please update firebase-functions SDK to >=5.1.0 to use them correctly 
[debug] [2026-03-29T07:20:48.860Z] Could not find functions.yaml. Must use http discovery
[debug] [2026-03-29T07:20:48.868Z] Found firebase-functions binary at 'C:\Users\majed\Documents\GitHub\Lmad\functions\node_modules\.bin\firebase-functions'
[info] Serving at port 8932

[debug] [2026-03-29T07:20:49.665Z] Got response from /__/functions.yaml {"endpoints":{"api":{"platform":"gcfv1","availableMemoryMb":null,"timeoutSeconds":null,"minInstances":null,"maxInstances":null,"ingressSettings":null,"serviceAccountEmail":null,"vpc":null,"httpsTrigger":{},"entryPoint":"api"}},"specVersion":"v1alpha1","requiredAPIs":[]}
[info] i  functions: preparing functions directory for uploading... 
[info] i  functions: packaged C:\Users\majed\Documents\GitHub\Lmad\functions (39.57 KB) for uploading 
[debug] [2026-03-29T07:20:53.734Z] Checked if tokens are valid: true, expires at: 1774772434447
[debug] [2026-03-29T07:20:53.734Z] Checked if tokens are valid: true, expires at: 1774772434447
[debug] [2026-03-29T07:20:53.734Z] >>> [apiv2][query] GET https://cloudfunctions.googleapis.com/v1/projects/lmad-bfa29/locations/-/functions [none]
[debug] [2026-03-29T07:20:54.625Z] <<< [apiv2][status] GET https://cloudfunctions.googleapis.com/v1/projects/lmad-bfa29/locations/-/functions 200
[debug] [2026-03-29T07:20:54.625Z] <<< [apiv2][body] GET https://cloudfunctions.googleapis.com/v1/projects/lmad-bfa29/locations/-/functions {"functions":[{"name":"projects/lmad-bfa29/locations/us-central1/functions/api","httpsTrigger":{"url":"https://us-central1-lmad-bfa29.cloudfunctions.net/api","securityLevel":"SECURE_ALWAYS"},"status":"OFFLINE","entryPoint":"api","timeout":"60s","availableMemoryMb":256,"serviceAccountEmail":"lmad-bfa29@appspot.gserviceaccount.com","updateTime":"2026-03-29T05:26:24.739450020Z","versionId":"1","labels":{"firebase-functions-hash":"94de18393c557da911cae49e5f7cf215f37d5452","deployment-tool":"cli-firebase"},"sourceUploadUrl":"https://storage.googleapis.com/uploads-824583981300.us-central1.cloudfunctions.appspot.com/85da1fe7-aa37-470c-be2a-e6fa7e29fa89.zip","environmentVariables":{"FIREBASE_CONFIG":"{\"projectId\":\"lmad-bfa29\",\"databaseURL\":\"https://lmad-bfa29-default-rtdb.firebaseio.com\",\"storageBucket\":\"lmad-bfa29.firebasestorage.app\"}","GCLOUD_PROJECT":"lmad-bfa29","EVENTARC_CLOUD_EVENT_SOURCE":"projects/lmad-bfa29/locations/us-central1/functions/api"},"runtime":"nodejs22","ingressSettings":"ALLOW_ALL","buildId":"ab1fc53c-d286-43e1-a5e0-27275ebf6757","buildEnvironmentVariables":{"GOOGLE_NODE_RUN_SCRIPTS":""},"buildName":"projects/659119217359/locations/us-central1/builds/ab1fc53c-d286-43e1-a5e0-27275ebf6757","dockerRegistry":"ARTIFACT_REGISTRY","automaticUpdatePolicy":{},"buildServiceAccount":"projects/lmad-bfa29/serviceAccounts/659119217359-compute@developer.gserviceaccount.com","satisfiesPzi":true}]}
[debug] [2026-03-29T07:20:54.625Z] Checked if tokens are valid: true, expires at: 1774772434447
[debug] [2026-03-29T07:20:54.626Z] Checked if tokens are valid: true, expires at: 1774772434447
[debug] [2026-03-29T07:20:54.626Z] >>> [apiv2][query] GET https://cloudfunctions.googleapis.com/v2/projects/lmad-bfa29/locations/-/functions filter=environment%3D%22GEN_2%22
[debug] [2026-03-29T07:20:55.717Z] <<< [apiv2][status] GET https://cloudfunctions.googleapis.com/v2/projects/lmad-bfa29/locations/-/functions 200
[debug] [2026-03-29T07:20:55.718Z] <<< [apiv2][body] GET https://cloudfunctions.googleapis.com/v2/projects/lmad-bfa29/locations/-/functions {}
[debug] [2026-03-29T07:20:55.729Z] Checked if tokens are valid: true, expires at: 1774772434447
[debug] [2026-03-29T07:20:55.729Z] Checked if tokens are valid: true, expires at: 1774772434447
[debug] [2026-03-29T07:20:55.729Z] >>> [apiv2][query] GET https://cloudresourcemanager.googleapis.com/v1/projects/lmad-bfa29 [none]
[debug] [2026-03-29T07:20:57.059Z] <<< [apiv2][status] GET https://cloudresourcemanager.googleapis.com/v1/projects/lmad-bfa29 200
[debug] [2026-03-29T07:20:57.059Z] <<< [apiv2][body] GET https://cloudresourcemanager.googleapis.com/v1/projects/lmad-bfa29 {"projectNumber":"659119217359","projectId":"lmad-bfa29","lifecycleState":"ACTIVE","name":"Lmad","labels":{"firebase":"enabled","firebase-core":"disabled"},"createTime":"2026-03-28T01:51:53.718Z"}
[debug] [2026-03-29T07:20:57.060Z] Checked if tokens are valid: true, expires at: 1774772434447
[debug] [2026-03-29T07:20:57.060Z] Checked if tokens are valid: true, expires at: 1774772434447
[debug] [2026-03-29T07:20:57.061Z] >>> [apiv2][query] POST https://cloudfunctions.googleapis.com/v1/projects/lmad-bfa29/locations/us-central1/functions:generateUploadUrl [none]
[debug] [2026-03-29T07:20:57.061Z] >>> [apiv2][body] POST https://cloudfunctions.googleapis.com/v1/projects/lmad-bfa29/locations/us-central1/functions:generateUploadUrl {}
[debug] [2026-03-29T07:20:57.810Z] <<< [apiv2][status] POST https://cloudfunctions.googleapis.com/v1/projects/lmad-bfa29/locations/us-central1/functions:generateUploadUrl 200
[debug] [2026-03-29T07:20:57.810Z] <<< [apiv2][body] POST https://cloudfunctions.googleapis.com/v1/projects/lmad-bfa29/locations/us-central1/functions:generateUploadUrl {"uploadUrl":"https://storage.googleapis.com/uploads-824583981300.us-central1.cloudfunctions.appspot.com/b58447e7-268b-499d-a39a-673de6bbd936.zip?GoogleAccessId=service-659119217359@gcf-admin-robot.iam.gserviceaccount.com&Expires=1774770657&Signature=in%2B%2Bxxvh5CK7I8qVu%2F4hWwNE0qhh9sbZxcP%2BjY1eG81xwjxkHYRlq%2FaFIUQPJIC7Dgex6OdhZhep6Xo39btJ3%2FXnPa4GJzj0vXISHO01Ta2dlvhNFl3YNTyqU5Sme%2Bc5CxlwrKjk0cXclWxXke5nGTxvKXKR%2B2sW4Um%2F5xxaLKmkPC%2F0Bzgvkg430iCZ0a9pTpFAEVnAPvfalXSX2mTfkkxcldvSVvb%2B27OSjoDbSPGDafgCPhvQjim2p%2B2oxPfCTsZUEW4UtLA0QGvUI8YBiRJV0kpPl%2BNFtlsIcFc7gzTwlbmXOg4O56pBDIXhmhNdH0ODAntvGDSeD%2BGTGnpPTw%3D%3D"}
[debug] [2026-03-29T07:20:57.813Z] >>> [apiv2][query] PUT https://storage.googleapis.com/uploads-824583981300.us-central1.cloudfunctions.appspot.com/b58447e7-268b-499d-a39a-673de6bbd936.zip GoogleAccessId=service-659119217359%40gcf-admin-robot.iam.gserviceaccount.com&Expires=1774770657&Signature=in%2B%2Bxxvh5CK7I8qVu%2F4hWwNE0qhh9sbZxcP%2BjY1eG81xwjxkHYRlq%2FaFIUQPJIC7Dgex6OdhZhep6Xo39btJ3%2FXnPa4GJzj0vXISHO01Ta2dlvhNFl3YNTyqU5Sme%2Bc5CxlwrKjk0cXclWxXke5nGTxvKXKR%2B2sW4Um%2F5xxaLKmkPC%2F0Bzgvkg430iCZ0a9pTpFAEVnAPvfalXSX2mTfkkxcldvSVvb%2B27OSjoDbSPGDafgCPhvQjim2p%2B2oxPfCTsZUEW4UtLA0QGvUI8YBiRJV0kpPl%2BNFtlsIcFc7gzTwlbmXOg4O56pBDIXhmhNdH0ODAntvGDSeD%2BGTGnpPTw%3D%3D
[debug] [2026-03-29T07:20:57.813Z] >>> [apiv2][body] PUT https://storage.googleapis.com/uploads-824583981300.us-central1.cloudfunctions.appspot.com/b58447e7-268b-499d-a39a-673de6bbd936.zip [stream]
[debug] [2026-03-29T07:20:59.632Z] <<< [apiv2][status] PUT https://storage.googleapis.com/uploads-824583981300.us-central1.cloudfunctions.appspot.com/b58447e7-268b-499d-a39a-673de6bbd936.zip 200
[debug] [2026-03-29T07:20:59.632Z] <<< [apiv2][body] PUT https://storage.googleapis.com/uploads-824583981300.us-central1.cloudfunctions.appspot.com/b58447e7-268b-499d-a39a-673de6bbd936.zip [omitted]
[info] +  functions: functions source uploaded successfully 
[info] i  functions: updating Node.js 22 (1st Gen) function api(us-central1)... 
[debug] [2026-03-29T07:20:59.637Z] Checked if tokens are valid: true, expires at: 1774772434447
[debug] [2026-03-29T07:20:59.637Z] Checked if tokens are valid: true, expires at: 1774772434447
[debug] [2026-03-29T07:20:59.637Z] >>> [apiv2][query] PATCH https://cloudfunctions.googleapis.com/v1/projects/lmad-bfa29/locations/us-central1/functions/api updateMask=name%2CsourceUploadUrl%2CentryPoint%2Cruntime%2CdockerRegistry%2Clabels%2ChttpsTrigger.securityLevel%2CminInstances%2CmaxInstances%2CingressSettings%2CenvironmentVariables%2CserviceAccountEmail%2CavailableMemoryMb%2Ctimeout%2CvpcConnector%2CvpcConnectorEgressSettings%2CsourceToken%2CbuildEnvironmentVariables
[debug] [2026-03-29T07:20:59.637Z] >>> [apiv2][body] PATCH https://cloudfunctions.googleapis.com/v1/projects/lmad-bfa29/locations/us-central1/functions/api {"name":"projects/lmad-bfa29/locations/us-central1/functions/api","sourceUploadUrl":"https://storage.googleapis.com/uploads-824583981300.us-central1.cloudfunctions.appspot.com/b58447e7-268b-499d-a39a-673de6bbd936.zip?GoogleAccessId=service-659119217359@gcf-admin-robot.iam.gserviceaccount.com&Expires=1774770657&Signature=in%2B%2Bxxvh5CK7I8qVu%2F4hWwNE0qhh9sbZxcP%2BjY1eG81xwjxkHYRlq%2FaFIUQPJIC7Dgex6OdhZhep6Xo39btJ3%2FXnPa4GJzj0vXISHO01Ta2dlvhNFl3YNTyqU5Sme%2Bc5CxlwrKjk0cXclWxXke5nGTxvKXKR%2B2sW4Um%2F5xxaLKmkPC%2F0Bzgvkg430iCZ0a9pTpFAEVnAPvfalXSX2mTfkkxcldvSVvb%2B27OSjoDbSPGDafgCPhvQjim2p%2B2oxPfCTsZUEW4UtLA0QGvUI8YBiRJV0kpPl%2BNFtlsIcFc7gzTwlbmXOg4O56pBDIXhmhNdH0ODAntvGDSeD%2BGTGnpPTw%3D%3D","entryPoint":"api","runtime":"nodejs22","dockerRegistry":"ARTIFACT_REGISTRY","labels":{"deployment-tool":"cli-firebase","firebase-functions-hash":"94de18393c557da911cae49e5f7cf215f37d5452"},"httpsTrigger":{"securityLevel":"SECURE_ALWAYS"},"minInstances":null,"maxInstances":null,"ingressSettings":null,"environmentVariables":{"FIREBASE_CONFIG":"{\"projectId\":\"lmad-bfa29\",\"databaseURL\":\"https://lmad-bfa29-default-rtdb.firebaseio.com\",\"storageBucket\":\"lmad-bfa29.firebasestorage.app\"}","GCLOUD_PROJECT":"lmad-bfa29","EVENTARC_CLOUD_EVENT_SOURCE":"projects/lmad-bfa29/locations/us-central1/functions/api"},"serviceAccountEmail":null,"availableMemoryMb":null,"timeout":null,"vpcConnector":null,"vpcConnectorEgressSettings":null,"buildEnvironmentVariables":{"GOOGLE_NODE_RUN_SCRIPTS":""}}
[debug] [2026-03-29T07:21:00.321Z] <<< [apiv2][status] PATCH https://cloudfunctions.googleapis.com/v1/projects/lmad-bfa29/locations/us-central1/functions/api 200
[debug] [2026-03-29T07:21:00.321Z] <<< [apiv2][body] PATCH https://cloudfunctions.googleapis.com/v1/projects/lmad-bfa29/locations/us-central1/functions/api {"name":"operations/bG1hZC1iZmEyOS91cy1jZW50cmFsMS9hcGkvZ3l5d3V6MHRLd28","metadata":{"@type":"type.googleapis.com/google.cloud.functions.v1.OperationMetadataV1","target":"projects/lmad-bfa29/locations/us-central1/functions/api","type":"UPDATE_FUNCTION","request":{"@type":"type.googleapis.com/google.cloud.functions.v1.CloudFunction","name":"projects/lmad-bfa29/locations/us-central1/functions/api","httpsTrigger":{"url":"https://us-central1-lmad-bfa29.cloudfunctions.net/api","securityLevel":"SECURE_ALWAYS"},"status":"OFFLINE","entryPoint":"api","updateTime":"2026-03-29T05:26:22.608Z","versionId":"1","labels":{"deployment-tool":"cli-firebase","firebase-functions-hash":"94de18393c557da911cae49e5f7cf215f37d5452"},"sourceUploadUrl":"https://storage.googleapis.com/uploads-824583981300.us-central1.cloudfunctions.appspot.com/b58447e7-268b-499d-a39a-673de6bbd936.zip?GoogleAccessId=service-659119217359@gcf-admin-robot.iam.gserviceaccount.com&Expires=1774770657&Signature=in%2B%2Bxxvh5CK7I8qVu%2F4hWwNE0qhh9sbZxcP%2BjY1eG81xwjxkHYRlq%2FaFIUQPJIC7Dgex6OdhZhep6Xo39btJ3%2FXnPa4GJzj0vXISHO01Ta2dlvhNFl3YNTyqU5Sme%2Bc5CxlwrKjk0cXclWxXke5nGTxvKXKR%2B2sW4Um%2F5xxaLKmkPC%2F0Bzgvkg430iCZ0a9pTpFAEVnAPvfalXSX2mTfkkxcldvSVvb%2B27OSjoDbSPGDafgCPhvQjim2p%2B2oxPfCTsZUEW4UtLA0QGvUI8YBiRJV0kpPl%2BNFtlsIcFc7gzTwlbmXOg4O56pBDIXhmhNdH0ODAntvGDSeD%2BGTGnpPTw%3D%3D","environmentVariables":{"FIREBASE_CONFIG":"{\"projectId\":\"lmad-bfa29\",\"databaseURL\":\"https://lmad-bfa29-default-rtdb.firebaseio.com\",\"storageBucket\":\"lmad-bfa29.firebasestorage.app\"}","GCLOUD_PROJECT":"lmad-bfa29","EVENTARC_CLOUD_EVENT_SOURCE":"projects/lmad-bfa29/locations/us-central1/functions/api"},"runtime":"nodejs22","buildId":"ab1fc53c-d286-43e1-a5e0-27275ebf6757","buildEnvironmentVariables":{"GOOGLE_NODE_RUN_SCRIPTS":""},"buildName":"projects/659119217359/locations/us-central1/builds/ab1fc53c-d286-43e1-a5e0-27275ebf6757","dockerRegistry":"ARTIFACT_REGISTRY","automaticUpdatePolicy":{},"buildServiceAccount":"projects/lmad-bfa29/serviceAccounts/659119217359-compute@developer.gserviceaccount.com"},"versionId":"2","updateTime":"2026-03-29T07:21:00Z"}}
[debug] [2026-03-29T07:21:00.322Z] Checked if tokens are valid: true, expires at: 1774772434447
[debug] [2026-03-29T07:21:00.322Z] Checked if tokens are valid: true, expires at: 1774772434447
[debug] [2026-03-29T07:21:00.322Z] >>> [apiv2][query] GET https://cloudfunctions.googleapis.com/v1/operations/bG1hZC1iZmEyOS91cy1jZW50cmFsMS9hcGkvZ3l5d3V6MHRLd28 [none]
[debug] [2026-03-29T07:21:00.611Z] <<< [apiv2][status] GET https://cloudfunctions.googleapis.com/v1/operations/bG1hZC1iZmEyOS91cy1jZW50cmFsMS9hcGkvZ3l5d3V6MHRLd28 200
[debug] [2026-03-29T07:21:00.611Z] <<< [apiv2][body] GET https://cloudfunctions.googleapis.com/v1/operations/bG1hZC1iZmEyOS91cy1jZW50cmFsMS9hcGkvZ3l5d3V6MHRLd28 {"name":"operations/bG1hZC1iZmEyOS91cy1jZW50cmFsMS9hcGkvZ3l5d3V6MHRLd28","metadata":{"@type":"type.googleapis.com/google.cloud.functions.v1.OperationMetadataV1","target":"projects/lmad-bfa29/locations/us-central1/functions/api","type":"UPDATE_FUNCTION","request":{"@type":"type.googleapis.com/google.cloud.functions.v1.CloudFunction","name":"projects/lmad-bfa29/locations/us-central1/functions/api","httpsTrigger":{"url":"https://us-central1-lmad-bfa29.cloudfunctions.net/api","securityLevel":"SECURE_ALWAYS"},"status":"OFFLINE","entryPoint":"api","updateTime":"2026-03-29T05:26:22.608Z","versionId":"1","labels":{"deployment-tool":"cli-firebase","firebase-functions-hash":"94de18393c557da911cae49e5f7cf215f37d5452"},"sourceUploadUrl":"https://storage.googleapis.com/uploads-824583981300.us-central1.cloudfunctions.appspot.com/b58447e7-268b-499d-a39a-673de6bbd936.zip?GoogleAccessId=service-659119217359@gcf-admin-robot.iam.gserviceaccount.com&Expires=1774770657&Signature=in%2B%2Bxxvh5CK7I8qVu%2F4hWwNE0qhh9sbZxcP%2BjY1eG81xwjxkHYRlq%2FaFIUQPJIC7Dgex6OdhZhep6Xo39btJ3%2FXnPa4GJzj0vXISHO01Ta2dlvhNFl3YNTyqU5Sme%2Bc5CxlwrKjk0cXclWxXke5nGTxvKXKR%2B2sW4Um%2F5xxaLKmkPC%2F0Bzgvkg430iCZ0a9pTpFAEVnAPvfalXSX2mTfkkxcldvSVvb%2B27OSjoDbSPGDafgCPhvQjim2p%2B2oxPfCTsZUEW4UtLA0QGvUI8YBiRJV0kpPl%2BNFtlsIcFc7gzTwlbmXOg4O56pBDIXhmhNdH0ODAntvGDSeD%2BGTGnpPTw%3D%3D","environmentVariables":{"FIREBASE_CONFIG":"{\"projectId\":\"lmad-bfa29\",\"databaseURL\":\"https://lmad-bfa29-default-rtdb.firebaseio.com\",\"storageBucket\":\"lmad-bfa29.firebasestorage.app\"}","GCLOUD_PROJECT":"lmad-bfa29","EVENTARC_CLOUD_EVENT_SOURCE":"projects/lmad-bfa29/locations/us-central1/functions/api"},"runtime":"nodejs22","buildId":"ab1fc53c-d286-43e1-a5e0-27275ebf6757","buildEnvironmentVariables":{"GOOGLE_NODE_RUN_SCRIPTS":""},"buildName":"projects/659119217359/locations/us-central1/builds/ab1fc53c-d286-43e1-a5e0-27275ebf6757","dockerRegistry":"ARTIFACT_REGISTRY","automaticUpdatePolicy":{},"buildServiceAccount":"projects/lmad-bfa29/serviceAccounts/659119217359-compute@developer.gserviceaccount.com"},"versionId":"2","updateTime":"2026-03-29T07:21:00Z"}}
[debug] [2026-03-29T07:21:01.126Z] [update-default-us-central1-api] Retrying task index 0
[debug] [2026-03-29T07:21:01.127Z] Checked if tokens are valid: true, expires at: 1774772434447
[debug] [2026-03-29T07:21:01.127Z] Checked if tokens are valid: true, expires at: 1774772434447
[debug] [2026-03-29T07:21:01.127Z] >>> [apiv2][query] GET https://cloudfunctions.googleapis.com/v1/operations/bG1hZC1iZmEyOS91cy1jZW50cmFsMS9hcGkvZ3l5d3V6MHRLd28 [none]
[debug] [2026-03-29T07:21:01.422Z] <<< [apiv2][status] GET https://cloudfunctions.googleapis.com/v1/operations/bG1hZC1iZmEyOS91cy1jZW50cmFsMS9hcGkvZ3l5d3V6MHRLd28 200
[debug] [2026-03-29T07:21:01.423Z] <<< [apiv2][body] GET https://cloudfunctions.googleapis.com/v1/operations/bG1hZC1iZmEyOS91cy1jZW50cmFsMS9hcGkvZ3l5d3V6MHRLd28 {"name":"operations/bG1hZC1iZmEyOS91cy1jZW50cmFsMS9hcGkvZ3l5d3V6MHRLd28","metadata":{"@type":"type.googleapis.com/google.cloud.functions.v1.OperationMetadataV1","target":"projects/lmad-bfa29/locations/us-central1/functions/api","type":"UPDATE_FUNCTION","request":{"@type":"type.googleapis.com/google.cloud.functions.v1.CloudFunction","name":"projects/lmad-bfa29/locations/us-central1/functions/api","httpsTrigger":{"url":"https://us-central1-lmad-bfa29.cloudfunctions.net/api","securityLevel":"SECURE_ALWAYS"},"status":"OFFLINE","entryPoint":"api","updateTime":"2026-03-29T05:26:22.608Z","versionId":"1","labels":{"deployment-tool":"cli-firebase","firebase-functions-hash":"94de18393c557da911cae49e5f7cf215f37d5452"},"sourceUploadUrl":"https://storage.googleapis.com/uploads-824583981300.us-central1.cloudfunctions.appspot.com/b58447e7-268b-499d-a39a-673de6bbd936.zip?GoogleAccessId=service-659119217359@gcf-admin-robot.iam.gserviceaccount.com&Expires=1774770657&Signature=in%2B%2Bxxvh5CK7I8qVu%2F4hWwNE0qhh9sbZxcP%2BjY1eG81xwjxkHYRlq%2FaFIUQPJIC7Dgex6OdhZhep6Xo39btJ3%2FXnPa4GJzj0vXISHO01Ta2dlvhNFl3YNTyqU5Sme%2Bc5CxlwrKjk0cXclWxXke5nGTxvKXKR%2B2sW4Um%2F5xxaLKmkPC%2F0Bzgvkg430iCZ0a9pTpFAEVnAPvfalXSX2mTfkkxcldvSVvb%2B27OSjoDbSPGDafgCPhvQjim2p%2B2oxPfCTsZUEW4UtLA0QGvUI8YBiRJV0kpPl%2BNFtlsIcFc7gzTwlbmXOg4O56pBDIXhmhNdH0ODAntvGDSeD%2BGTGnpPTw%3D%3D","environmentVariables":{"FIREBASE_CONFIG":"{\"projectId\":\"lmad-bfa29\",\"databaseURL\":\"https://lmad-bfa29-default-rtdb.firebaseio.com\",\"storageBucket\":\"lmad-bfa29.firebasestorage.app\"}","GCLOUD_PROJECT":"lmad-bfa29","EVENTARC_CLOUD_EVENT_SOURCE":"projects/lmad-bfa29/locations/us-central1/functions/api"},"runtime":"nodejs22","buildId":"ab1fc53c-d286-43e1-a5e0-27275ebf6757","buildEnvironmentVariables":{"GOOGLE_NODE_RUN_SCRIPTS":""},"buildName":"projects/659119217359/locations/us-central1/builds/ab1fc53c-d286-43e1-a5e0-27275ebf6757","dockerRegistry":"ARTIFACT_REGISTRY","automaticUpdatePolicy":{},"buildServiceAccount":"projects/lmad-bfa29/serviceAccounts/659119217359-compute@developer.gserviceaccount.com"},"versionId":"2","updateTime":"2026-03-29T07:21:00Z","buildId":"b5bb0d44-f5bf-4632-b817-35e0cea351d7","buildName":"projects/659119217359/locations/us-central1/builds/b5bb0d44-f5bf-4632-b817-35e0cea351d7"}}
[debug] [2026-03-29T07:21:02.426Z] [update-default-us-central1-api] Retrying task index 0
[debug] [2026-03-29T07:21:02.426Z] Checked if tokens are valid: true, expires at: 1774772434447
[debug] [2026-03-29T07:21:02.427Z] Checked if tokens are valid: true, expires at: 1774772434447
[debug] [2026-03-29T07:21:02.427Z] >>> [apiv2][query] GET https://cloudfunctions.googleapis.com/v1/operations/bG1hZC1iZmEyOS91cy1jZW50cmFsMS9hcGkvZ3l5d3V6MHRLd28 [none]
[debug] [2026-03-29T07:21:02.694Z] <<< [apiv2][status] GET https://cloudfunctions.googleapis.com/v1/operations/bG1hZC1iZmEyOS91cy1jZW50cmFsMS9hcGkvZ3l5d3V6MHRLd28 200
[debug] [2026-03-29T07:21:02.695Z] <<< [apiv2][body] GET https://cloudfunctions.googleapis.com/v1/operations/bG1hZC1iZmEyOS91cy1jZW50cmFsMS9hcGkvZ3l5d3V6MHRLd28 {"name":"operations/bG1hZC1iZmEyOS91cy1jZW50cmFsMS9hcGkvZ3l5d3V6MHRLd28","metadata":{"@type":"type.googleapis.com/google.cloud.functions.v1.OperationMetadataV1","target":"projects/lmad-bfa29/locations/us-central1/functions/api","type":"UPDATE_FUNCTION","request":{"@type":"type.googleapis.com/google.cloud.functions.v1.CloudFunction","name":"projects/lmad-bfa29/locations/us-central1/functions/api","httpsTrigger":{"url":"https://us-central1-lmad-bfa29.cloudfunctions.net/api","securityLevel":"SECURE_ALWAYS"},"status":"OFFLINE","entryPoint":"api","updateTime":"2026-03-29T05:26:22.608Z","versionId":"1","labels":{"deployment-tool":"cli-firebase","firebase-functions-hash":"94de18393c557da911cae49e5f7cf215f37d5452"},"sourceUploadUrl":"https://storage.googleapis.com/uploads-824583981300.us-central1.cloudfunctions.appspot.com/b58447e7-268b-499d-a39a-673de6bbd936.zip?GoogleAccessId=service-659119217359@gcf-admin-robot.iam.gserviceaccount.com&Expires=1774770657&Signature=in%2B%2Bxxvh5CK7I8qVu%2F4hWwNE0qhh9sbZxcP%2BjY1eG81xwjxkHYRlq%2FaFIUQPJIC7Dgex6OdhZhep6Xo39btJ3%2FXnPa4GJzj0vXISHO01Ta2dlvhNFl3YNTyqU5Sme%2Bc5CxlwrKjk0cXclWxXke5nGTxvKXKR%2B2sW4Um%2F5xxaLKmkPC%2F0Bzgvkg430iCZ0a9pTpFAEVnAPvfalXSX2mTfkkxcldvSVvb%2B27OSjoDbSPGDafgCPhvQjim2p%2B2oxPfCTsZUEW4UtLA0QGvUI8YBiRJV0kpPl%2BNFtlsIcFc7gzTwlbmXOg4O56pBDIXhmhNdH0ODAntvGDSeD%2BGTGnpPTw%3D%3D","environmentVariables":{"FIREBASE_CONFIG":"{\"projectId\":\"lmad-bfa29\",\"databaseURL\":\"https://lmad-bfa29-default-rtdb.firebaseio.com\",\"storageBucket\":\"lmad-bfa29.firebasestorage.app\"}","GCLOUD_PROJECT":"lmad-bfa29","EVENTARC_CLOUD_EVENT_SOURCE":"projects/lmad-bfa29/locations/us-central1/functions/api"},"runtime":"nodejs22","buildId":"ab1fc53c-d286-43e1-a5e0-27275ebf6757","buildEnvironmentVariables":{"GOOGLE_NODE_RUN_SCRIPTS":""},"buildName":"projects/659119217359/locations/us-central1/builds/ab1fc53c-d286-43e1-a5e0-27275ebf6757","dockerRegistry":"ARTIFACT_REGISTRY","automaticUpdatePolicy":{},"buildServiceAccount":"projects/lmad-bfa29/serviceAccounts/659119217359-compute@developer.gserviceaccount.com"},"versionId":"2","updateTime":"2026-03-29T07:21:00Z","buildId":"b5bb0d44-f5bf-4632-b817-35e0cea351d7","buildName":"projects/659119217359/locations/us-central1/builds/b5bb0d44-f5bf-4632-b817-35e0cea351d7"}}
[debug] [2026-03-29T07:21:04.700Z] [update-default-us-central1-api] Retrying task index 0
[debug] [2026-03-29T07:21:04.701Z] Checked if tokens are valid: true, expires at: 1774772434447
[debug] [2026-03-29T07:21:04.701Z] Checked if tokens are valid: true, expires at: 1774772434447
[debug] [2026-03-29T07:21:04.701Z] >>> [apiv2][query] GET https://cloudfunctions.googleapis.com/v1/operations/bG1hZC1iZmEyOS91cy1jZW50cmFsMS9hcGkvZ3l5d3V6MHRLd28 [none]
[debug] [2026-03-29T07:21:04.994Z] <<< [apiv2][status] GET https://cloudfunctions.googleapis.com/v1/operations/bG1hZC1iZmEyOS91cy1jZW50cmFsMS9hcGkvZ3l5d3V6MHRLd28 200
[debug] [2026-03-29T07:21:04.995Z] <<< [apiv2][body] GET https://cloudfunctions.googleapis.com/v1/operations/bG1hZC1iZmEyOS91cy1jZW50cmFsMS9hcGkvZ3l5d3V6MHRLd28 {"name":"operations/bG1hZC1iZmEyOS91cy1jZW50cmFsMS9hcGkvZ3l5d3V6MHRLd28","metadata":{"@type":"type.googleapis.com/google.cloud.functions.v1.OperationMetadataV1","target":"projects/lmad-bfa29/locations/us-central1/functions/api","type":"UPDATE_FUNCTION","request":{"@type":"type.googleapis.com/google.cloud.functions.v1.CloudFunction","name":"projects/lmad-bfa29/locations/us-central1/functions/api","httpsTrigger":{"url":"https://us-central1-lmad-bfa29.cloudfunctions.net/api","securityLevel":"SECURE_ALWAYS"},"status":"OFFLINE","entryPoint":"api","updateTime":"2026-03-29T05:26:22.608Z","versionId":"1","labels":{"deployment-tool":"cli-firebase","firebase-functions-hash":"94de18393c557da911cae49e5f7cf215f37d5452"},"sourceUploadUrl":"https://storage.googleapis.com/uploads-824583981300.us-central1.cloudfunctions.appspot.com/b58447e7-268b-499d-a39a-673de6bbd936.zip?GoogleAccessId=service-659119217359@gcf-admin-robot.iam.gserviceaccount.com&Expires=1774770657&Signature=in%2B%2Bxxvh5CK7I8qVu%2F4hWwNE0qhh9sbZxcP%2BjY1eG81xwjxkHYRlq%2FaFIUQPJIC7Dgex6OdhZhep6Xo39btJ3%2FXnPa4GJzj0vXISHO01Ta2dlvhNFl3YNTyqU5Sme%2Bc5CxlwrKjk0cXclWxXke5nGTxvKXKR%2B2sW4Um%2F5xxaLKmkPC%2F0Bzgvkg430iCZ0a9pTpFAEVnAPvfalXSX2mTfkkxcldvSVvb%2B27OSjoDbSPGDafgCPhvQjim2p%2B2oxPfCTsZUEW4UtLA0QGvUI8YBiRJV0kpPl%2BNFtlsIcFc7gzTwlbmXOg4O56pBDIXhmhNdH0ODAntvGDSeD%2BGTGnpPTw%3D%3D","environmentVariables":{"FIREBASE_CONFIG":"{\"projectId\":\"lmad-bfa29\",\"databaseURL\":\"https://lmad-bfa29-default-rtdb.firebaseio.com\",\"storageBucket\":\"lmad-bfa29.firebasestorage.app\"}","GCLOUD_PROJECT":"lmad-bfa29","EVENTARC_CLOUD_EVENT_SOURCE":"projects/lmad-bfa29/locations/us-central1/functions/api"},"runtime":"nodejs22","buildId":"ab1fc53c-d286-43e1-a5e0-27275ebf6757","buildEnvironmentVariables":{"GOOGLE_NODE_RUN_SCRIPTS":""},"buildName":"projects/659119217359/locations/us-central1/builds/ab1fc53c-d286-43e1-a5e0-27275ebf6757","dockerRegistry":"ARTIFACT_REGISTRY","automaticUpdatePolicy":{},"buildServiceAccount":"projects/lmad-bfa29/serviceAccounts/659119217359-compute@developer.gserviceaccount.com"},"versionId":"2","updateTime":"2026-03-29T07:21:00Z","buildId":"b5bb0d44-f5bf-4632-b817-35e0cea351d7","buildName":"projects/659119217359/locations/us-central1/builds/b5bb0d44-f5bf-4632-b817-35e0cea351d7"}}
[debug] [2026-03-29T07:21:09.007Z] [update-default-us-central1-api] Retrying task index 0
[debug] [2026-03-29T07:21:09.007Z] Checked if tokens are valid: true, expires at: 1774772434447
[debug] [2026-03-29T07:21:09.008Z] Checked if tokens are valid: true, expires at: 1774772434447
[debug] [2026-03-29T07:21:09.008Z] >>> [apiv2][query] GET https://cloudfunctions.googleapis.com/v1/operations/bG1hZC1iZmEyOS91cy1jZW50cmFsMS9hcGkvZ3l5d3V6MHRLd28 [none]
[debug] [2026-03-29T07:21:09.277Z] <<< [apiv2][status] GET https://cloudfunctions.googleapis.com/v1/operations/bG1hZC1iZmEyOS91cy1jZW50cmFsMS9hcGkvZ3l5d3V6MHRLd28 200
[debug] [2026-03-29T07:21:09.277Z] <<< [apiv2][body] GET https://cloudfunctions.googleapis.com/v1/operations/bG1hZC1iZmEyOS91cy1jZW50cmFsMS9hcGkvZ3l5d3V6MHRLd28 {"name":"operations/bG1hZC1iZmEyOS91cy1jZW50cmFsMS9hcGkvZ3l5d3V6MHRLd28","metadata":{"@type":"type.googleapis.com/google.cloud.functions.v1.OperationMetadataV1","target":"projects/lmad-bfa29/locations/us-central1/functions/api","type":"UPDATE_FUNCTION","request":{"@type":"type.googleapis.com/google.cloud.functions.v1.CloudFunction","name":"projects/lmad-bfa29/locations/us-central1/functions/api","httpsTrigger":{"url":"https://us-central1-lmad-bfa29.cloudfunctions.net/api","securityLevel":"SECURE_ALWAYS"},"status":"OFFLINE","entryPoint":"api","updateTime":"2026-03-29T05:26:22.608Z","versionId":"1","labels":{"deployment-tool":"cli-firebase","firebase-functions-hash":"94de18393c557da911cae49e5f7cf215f37d5452"},"sourceUploadUrl":"https://storage.googleapis.com/uploads-824583981300.us-central1.cloudfunctions.appspot.com/b58447e7-268b-499d-a39a-673de6bbd936.zip?GoogleAccessId=service-659119217359@gcf-admin-robot.iam.gserviceaccount.com&Expires=1774770657&Signature=in%2B%2Bxxvh5CK7I8qVu%2F4hWwNE0qhh9sbZxcP%2BjY1eG81xwjxkHYRlq%2FaFIUQPJIC7Dgex6OdhZhep6Xo39btJ3%2FXnPa4GJzj0vXISHO01Ta2dlvhNFl3YNTyqU5Sme%2Bc5CxlwrKjk0cXclWxXke5nGTxvKXKR%2B2sW4Um%2F5xxaLKmkPC%2F0Bzgvkg430iCZ0a9pTpFAEVnAPvfalXSX2mTfkkxcldvSVvb%2B27OSjoDbSPGDafgCPhvQjim2p%2B2oxPfCTsZUEW4UtLA0QGvUI8YBiRJV0kpPl%2BNFtlsIcFc7gzTwlbmXOg4O56pBDIXhmhNdH0ODAntvGDSeD%2BGTGnpPTw%3D%3D","environmentVariables":{"FIREBASE_CONFIG":"{\"projectId\":\"lmad-bfa29\",\"databaseURL\":\"https://lmad-bfa29-default-rtdb.firebaseio.com\",\"storageBucket\":\"lmad-bfa29.firebasestorage.app\"}","GCLOUD_PROJECT":"lmad-bfa29","EVENTARC_CLOUD_EVENT_SOURCE":"projects/lmad-bfa29/locations/us-central1/functions/api"},"runtime":"nodejs22","buildId":"ab1fc53c-d286-43e1-a5e0-27275ebf6757","buildEnvironmentVariables":{"GOOGLE_NODE_RUN_SCRIPTS":""},"buildName":"projects/659119217359/locations/us-central1/builds/ab1fc53c-d286-43e1-a5e0-27275ebf6757","dockerRegistry":"ARTIFACT_REGISTRY","automaticUpdatePolicy":{},"buildServiceAccount":"projects/lmad-bfa29/serviceAccounts/659119217359-compute@developer.gserviceaccount.com"},"versionId":"2","updateTime":"2026-03-29T07:21:00Z","buildId":"b5bb0d44-f5bf-4632-b817-35e0cea351d7","buildName":"projects/659119217359/locations/us-central1/builds/b5bb0d44-f5bf-4632-b817-35e0cea351d7"}}
[debug] [2026-03-29T07:21:17.285Z] [update-default-us-central1-api] Retrying task index 0
[debug] [2026-03-29T07:21:17.286Z] Checked if tokens are valid: true, expires at: 1774772434447
[debug] [2026-03-29T07:21:17.286Z] Checked if tokens are valid: true, expires at: 1774772434447
[debug] [2026-03-29T07:21:17.286Z] >>> [apiv2][query] GET https://cloudfunctions.googleapis.com/v1/operations/bG1hZC1iZmEyOS91cy1jZW50cmFsMS9hcGkvZ3l5d3V6MHRLd28 [none]
[debug] [2026-03-29T07:21:17.697Z] <<< [apiv2][status] GET https://cloudfunctions.googleapis.com/v1/operations/bG1hZC1iZmEyOS91cy1jZW50cmFsMS9hcGkvZ3l5d3V6MHRLd28 200
[debug] [2026-03-29T07:21:17.697Z] <<< [apiv2][body] GET https://cloudfunctions.googleapis.com/v1/operations/bG1hZC1iZmEyOS91cy1jZW50cmFsMS9hcGkvZ3l5d3V6MHRLd28 {"name":"operations/bG1hZC1iZmEyOS91cy1jZW50cmFsMS9hcGkvZ3l5d3V6MHRLd28","metadata":{"@type":"type.googleapis.com/google.cloud.functions.v1.OperationMetadataV1","target":"projects/lmad-bfa29/locations/us-central1/functions/api","type":"UPDATE_FUNCTION","request":{"@type":"type.googleapis.com/google.cloud.functions.v1.CloudFunction","name":"projects/lmad-bfa29/locations/us-central1/functions/api","httpsTrigger":{"url":"https://us-central1-lmad-bfa29.cloudfunctions.net/api","securityLevel":"SECURE_ALWAYS"},"status":"OFFLINE","entryPoint":"api","updateTime":"2026-03-29T05:26:22.608Z","versionId":"1","labels":{"deployment-tool":"cli-firebase","firebase-functions-hash":"94de18393c557da911cae49e5f7cf215f37d5452"},"sourceUploadUrl":"https://storage.googleapis.com/uploads-824583981300.us-central1.cloudfunctions.appspot.com/b58447e7-268b-499d-a39a-673de6bbd936.zip?GoogleAccessId=service-659119217359@gcf-admin-robot.iam.gserviceaccount.com&Expires=1774770657&Signature=in%2B%2Bxxvh5CK7I8qVu%2F4hWwNE0qhh9sbZxcP%2BjY1eG81xwjxkHYRlq%2FaFIUQPJIC7Dgex6OdhZhep6Xo39btJ3%2FXnPa4GJzj0vXISHO01Ta2dlvhNFl3YNTyqU5Sme%2Bc5CxlwrKjk0cXclWxXke5nGTxvKXKR%2B2sW4Um%2F5xxaLKmkPC%2F0Bzgvkg430iCZ0a9pTpFAEVnAPvfalXSX2mTfkkxcldvSVvb%2B27OSjoDbSPGDafgCPhvQjim2p%2B2oxPfCTsZUEW4UtLA0QGvUI8YBiRJV0kpPl%2BNFtlsIcFc7gzTwlbmXOg4O56pBDIXhmhNdH0ODAntvGDSeD%2BGTGnpPTw%3D%3D","environmentVariables":{"FIREBASE_CONFIG":"{\"projectId\":\"lmad-bfa29\",\"databaseURL\":\"https://lmad-bfa29-default-rtdb.firebaseio.com\",\"storageBucket\":\"lmad-bfa29.firebasestorage.app\"}","GCLOUD_PROJECT":"lmad-bfa29","EVENTARC_CLOUD_EVENT_SOURCE":"projects/lmad-bfa29/locations/us-central1/functions/api"},"runtime":"nodejs22","buildId":"ab1fc53c-d286-43e1-a5e0-27275ebf6757","buildEnvironmentVariables":{"GOOGLE_NODE_RUN_SCRIPTS":""},"buildName":"projects/659119217359/locations/us-central1/builds/ab1fc53c-d286-43e1-a5e0-27275ebf6757","dockerRegistry":"ARTIFACT_REGISTRY","automaticUpdatePolicy":{},"buildServiceAccount":"projects/lmad-bfa29/serviceAccounts/659119217359-compute@developer.gserviceaccount.com"},"versionId":"2","updateTime":"2026-03-29T07:21:00Z","buildId":"b5bb0d44-f5bf-4632-b817-35e0cea351d7","buildName":"projects/659119217359/locations/us-central1/builds/b5bb0d44-f5bf-4632-b817-35e0cea351d7"}}
[debug] [2026-03-29T07:21:27.702Z] [update-default-us-central1-api] Retrying task index 0
[debug] [2026-03-29T07:21:27.702Z] Checked if tokens are valid: true, expires at: 1774772434447
[debug] [2026-03-29T07:21:27.702Z] Checked if tokens are valid: true, expires at: 1774772434447
[debug] [2026-03-29T07:21:27.702Z] >>> [apiv2][query] GET https://cloudfunctions.googleapis.com/v1/operations/bG1hZC1iZmEyOS91cy1jZW50cmFsMS9hcGkvZ3l5d3V6MHRLd28 [none]
[debug] [2026-03-29T07:21:28.116Z] <<< [apiv2][status] GET https://cloudfunctions.googleapis.com/v1/operations/bG1hZC1iZmEyOS91cy1jZW50cmFsMS9hcGkvZ3l5d3V6MHRLd28 200
[debug] [2026-03-29T07:21:28.116Z] <<< [apiv2][body] GET https://cloudfunctions.googleapis.com/v1/operations/bG1hZC1iZmEyOS91cy1jZW50cmFsMS9hcGkvZ3l5d3V6MHRLd28 {"name":"operations/bG1hZC1iZmEyOS91cy1jZW50cmFsMS9hcGkvZ3l5d3V6MHRLd28","metadata":{"@type":"type.googleapis.com/google.cloud.functions.v1.OperationMetadataV1","target":"projects/lmad-bfa29/locations/us-central1/functions/api","type":"UPDATE_FUNCTION","request":{"@type":"type.googleapis.com/google.cloud.functions.v1.CloudFunction","name":"projects/lmad-bfa29/locations/us-central1/functions/api","httpsTrigger":{"url":"https://us-central1-lmad-bfa29.cloudfunctions.net/api","securityLevel":"SECURE_ALWAYS"},"status":"OFFLINE","entryPoint":"api","updateTime":"2026-03-29T05:26:22.608Z","versionId":"1","labels":{"deployment-tool":"cli-firebase","firebase-functions-hash":"94de18393c557da911cae49e5f7cf215f37d5452"},"sourceUploadUrl":"https://storage.googleapis.com/uploads-824583981300.us-central1.cloudfunctions.appspot.com/b58447e7-268b-499d-a39a-673de6bbd936.zip?GoogleAccessId=service-659119217359@gcf-admin-robot.iam.gserviceaccount.com&Expires=1774770657&Signature=in%2B%2Bxxvh5CK7I8qVu%2F4hWwNE0qhh9sbZxcP%2BjY1eG81xwjxkHYRlq%2FaFIUQPJIC7Dgex6OdhZhep6Xo39btJ3%2FXnPa4GJzj0vXISHO01Ta2dlvhNFl3YNTyqU5Sme%2Bc5CxlwrKjk0cXclWxXke5nGTxvKXKR%2B2sW4Um%2F5xxaLKmkPC%2F0Bzgvkg430iCZ0a9pTpFAEVnAPvfalXSX2mTfkkxcldvSVvb%2B27OSjoDbSPGDafgCPhvQjim2p%2B2oxPfCTsZUEW4UtLA0QGvUI8YBiRJV0kpPl%2BNFtlsIcFc7gzTwlbmXOg4O56pBDIXhmhNdH0ODAntvGDSeD%2BGTGnpPTw%3D%3D","environmentVariables":{"FIREBASE_CONFIG":"{\"projectId\":\"lmad-bfa29\",\"databaseURL\":\"https://lmad-bfa29-default-rtdb.firebaseio.com\",\"storageBucket\":\"lmad-bfa29.firebasestorage.app\"}","GCLOUD_PROJECT":"lmad-bfa29","EVENTARC_CLOUD_EVENT_SOURCE":"projects/lmad-bfa29/locations/us-central1/functions/api"},"runtime":"nodejs22","buildId":"ab1fc53c-d286-43e1-a5e0-27275ebf6757","buildEnvironmentVariables":{"GOOGLE_NODE_RUN_SCRIPTS":""},"buildName":"projects/659119217359/locations/us-central1/builds/ab1fc53c-d286-43e1-a5e0-27275ebf6757","dockerRegistry":"ARTIFACT_REGISTRY","automaticUpdatePolicy":{},"buildServiceAccount":"projects/lmad-bfa29/serviceAccounts/659119217359-compute@developer.gserviceaccount.com"},"versionId":"2","updateTime":"2026-03-29T07:21:00Z","buildId":"b5bb0d44-f5bf-4632-b817-35e0cea351d7","buildName":"projects/659119217359/locations/us-central1/builds/b5bb0d44-f5bf-4632-b817-35e0cea351d7"}}
[debug] [2026-03-29T07:21:38.116Z] [update-default-us-central1-api] Retrying task index 0
[debug] [2026-03-29T07:21:38.116Z] Checked if tokens are valid: true, expires at: 1774772434447
[debug] [2026-03-29T07:21:38.116Z] Checked if tokens are valid: true, expires at: 1774772434447
[debug] [2026-03-29T07:21:38.116Z] >>> [apiv2][query] GET https://cloudfunctions.googleapis.com/v1/operations/bG1hZC1iZmEyOS91cy1jZW50cmFsMS9hcGkvZ3l5d3V6MHRLd28 [none]
[debug] [2026-03-29T07:21:39.259Z] <<< [apiv2][status] GET https://cloudfunctions.googleapis.com/v1/operations/bG1hZC1iZmEyOS91cy1jZW50cmFsMS9hcGkvZ3l5d3V6MHRLd28 200
[debug] [2026-03-29T07:21:39.259Z] <<< [apiv2][body] GET https://cloudfunctions.googleapis.com/v1/operations/bG1hZC1iZmEyOS91cy1jZW50cmFsMS9hcGkvZ3l5d3V6MHRLd28 {"name":"operations/bG1hZC1iZmEyOS91cy1jZW50cmFsMS9hcGkvZ3l5d3V6MHRLd28","metadata":{"@type":"type.googleapis.com/google.cloud.functions.v1.OperationMetadataV1","target":"projects/lmad-bfa29/locations/us-central1/functions/api","type":"UPDATE_FUNCTION","request":{"@type":"type.googleapis.com/google.cloud.functions.v1.CloudFunction","name":"projects/lmad-bfa29/locations/us-central1/functions/api","httpsTrigger":{"url":"https://us-central1-lmad-bfa29.cloudfunctions.net/api","securityLevel":"SECURE_ALWAYS"},"status":"OFFLINE","entryPoint":"api","updateTime":"2026-03-29T05:26:22.608Z","versionId":"1","labels":{"deployment-tool":"cli-firebase","firebase-functions-hash":"94de18393c557da911cae49e5f7cf215f37d5452"},"sourceUploadUrl":"https://storage.googleapis.com/uploads-824583981300.us-central1.cloudfunctions.appspot.com/b58447e7-268b-499d-a39a-673de6bbd936.zip?GoogleAccessId=service-659119217359@gcf-admin-robot.iam.gserviceaccount.com&Expires=1774770657&Signature=in%2B%2Bxxvh5CK7I8qVu%2F4hWwNE0qhh9sbZxcP%2BjY1eG81xwjxkHYRlq%2FaFIUQPJIC7Dgex6OdhZhep6Xo39btJ3%2FXnPa4GJzj0vXISHO01Ta2dlvhNFl3YNTyqU5Sme%2Bc5CxlwrKjk0cXclWxXke5nGTxvKXKR%2B2sW4Um%2F5xxaLKmkPC%2F0Bzgvkg430iCZ0a9pTpFAEVnAPvfalXSX2mTfkkxcldvSVvb%2B27OSjoDbSPGDafgCPhvQjim2p%2B2oxPfCTsZUEW4UtLA0QGvUI8YBiRJV0kpPl%2BNFtlsIcFc7gzTwlbmXOg4O56pBDIXhmhNdH0ODAntvGDSeD%2BGTGnpPTw%3D%3D","environmentVariables":{"FIREBASE_CONFIG":"{\"projectId\":\"lmad-bfa29\",\"databaseURL\":\"https://lmad-bfa29-default-rtdb.firebaseio.com\",\"storageBucket\":\"lmad-bfa29.firebasestorage.app\"}","GCLOUD_PROJECT":"lmad-bfa29","EVENTARC_CLOUD_EVENT_SOURCE":"projects/lmad-bfa29/locations/us-central1/functions/api"},"runtime":"nodejs22","buildId":"ab1fc53c-d286-43e1-a5e0-27275ebf6757","buildEnvironmentVariables":{"GOOGLE_NODE_RUN_SCRIPTS":""},"buildName":"projects/659119217359/locations/us-central1/builds/ab1fc53c-d286-43e1-a5e0-27275ebf6757","dockerRegistry":"ARTIFACT_REGISTRY","automaticUpdatePolicy":{},"buildServiceAccount":"projects/lmad-bfa29/serviceAccounts/659119217359-compute@developer.gserviceaccount.com"},"versionId":"2","updateTime":"2026-03-29T07:21:31Z","buildId":"b5bb0d44-f5bf-4632-b817-35e0cea351d7","buildName":"projects/659119217359/locations/us-central1/builds/b5bb0d44-f5bf-4632-b817-35e0cea351d7"},"done":true,"error":{"code":3,"message":"Build failed: npm error code EUSAGE\nnpm error\nnpm error `npm ci` can only install packages when your package.json and package-lock.json or npm-shrinkwrap.json are in sync. Please update your lock file with `npm install` before continuing.\nnpm error\nnpm error Missing: acorn@8.16.0 from lock file\nnpm error Missing: @types/markdown-it@14.1.2 from lock file\nnpm error Missing: markdown-it@14.1.1 from lock file\nnpm error\nnpm error Clean install a project\nnpm error\nnpm error Usage:\nnpm error npm ci\nnpm error\nnpm error Options:\nnpm error [--install-strategy <hoisted|nested|shallow|linked>] [--legacy-bundling]\nnpm error [--global-style] [--omit <dev|optional|peer> [--omit <dev|optional|peer> ...]]\nnpm error [--include <prod|dev|optional|peer> [--include <prod|dev|optional|peer> ...]]\nnpm error [--strict-peer-deps] [--foreground-scripts] [--ignore-scripts] [--no-audit]\nnpm error [--no-bin-links] [--no-fund] [--dry-run]\nnpm error [-w|--workspace <workspace-name> [-w|--workspace <workspace-name> ...]]\nnpm error [-ws|--workspaces] [--include-workspace-root] [--install-links]\nnpm error\nnpm error aliases: clean-install, ic, install-clean, isntall-clean\nnpm error\nnpm error Run \"npm help ci\" for more info\nnpm error A complete log of this run can be found in: /www-data-home/.npm/_logs/2026-03-29T07_21_13_016Z-debug-0.log; Error ID: 7fa33aaa"}}
[debug] [2026-03-29T07:21:39.259Z] Got source token undefined for region us-central1
[error] Build failed: npm error code EUSAGE
npm error
npm error `npm ci` can only install packages when your package.json and package-lock.json or npm-shrinkwrap.json are in sync. Please update your lock file with `npm install` before continuing.
npm error
npm error Missing: acorn@8.16.0 from lock file
npm error Missing: @types/markdown-it@14.1.2 from lock file
npm error Missing: markdown-it@14.1.1 from lock file
npm error
npm error Clean install a project
npm error
npm error Usage:
npm error npm ci
npm error
npm error Options:
npm error [--install-strategy <hoisted|nested|shallow|linked>] [--legacy-bundling]
npm error [--global-style] [--omit <dev|optional|peer> [--omit <dev|optional|peer> ...]]
npm error [--include <prod|dev|optional|peer> [--include <prod|dev|optional|peer> ...]]
npm error [--strict-peer-deps] [--foreground-scripts] [--ignore-scripts] [--no-audit]
npm error [--no-bin-links] [--no-fund] [--dry-run]
npm error [-w|--workspace <workspace-name> [-w|--workspace <workspace-name> ...]]
npm error [-ws|--workspaces] [--include-workspace-root] [--install-links]
npm error
npm error aliases: clean-install, ic, install-clean, isntall-clean
npm error
npm error Run "npm help ci" for more info
npm error A complete log of this run can be found in: /www-data-home/.npm/_logs/2026-03-29T07_21_13_016Z-debug-0.log; Error ID: 7fa33aaa
[debug] [2026-03-29T07:21:39.264Z] Total Function Deployment time: 39626
[debug] [2026-03-29T07:21:39.264Z] 1 Functions Deployed
[debug] [2026-03-29T07:21:39.264Z] 1 Functions Errored
[debug] [2026-03-29T07:21:39.264Z] 0 Function Deployments Aborted
[debug] [2026-03-29T07:21:39.264Z] Average Function Deployment time: 39625
[info] 
[info] Functions deploy had errors with the following functions:
	api(us-central1)
[debug] [2026-03-29T07:21:39.511Z] Not printing URL for HTTPS function. Typically this means it didn't match a filter or we failed deployment
[debug] [2026-03-29T07:21:39.512Z] Checked if tokens are valid: true, expires at: 1774772434447
[debug] [2026-03-29T07:21:39.512Z] Checked if tokens are valid: true, expires at: 1774772434447
[debug] [2026-03-29T07:21:39.512Z] >>> [apiv2][query] GET https://artifactregistry.googleapis.com/v1/projects/lmad-bfa29/locations/us-central1/repositories/gcf-artifacts [none]
[debug] [2026-03-29T07:21:40.513Z] <<< [apiv2][status] GET https://artifactregistry.googleapis.com/v1/projects/lmad-bfa29/locations/us-central1/repositories/gcf-artifacts 200
[debug] [2026-03-29T07:21:40.513Z] <<< [apiv2][body] GET https://artifactregistry.googleapis.com/v1/projects/lmad-bfa29/locations/us-central1/repositories/gcf-artifacts {"name":"projects/lmad-bfa29/locations/us-central1/repositories/gcf-artifacts","format":"DOCKER","description":"This repository is created and used by Cloud Functions for storing function docker images.","labels":{"goog-managed-by":"cloudfunctions"},"createTime":"2026-03-29T05:25:54.917814Z","updateTime":"2026-03-29T07:20:36.457832Z","mode":"STANDARD_REPOSITORY","cleanupPolicies":{"firebase-functions-cleanup":{"id":"firebase-functions-cleanup","action":"DELETE","condition":{"tagState":"ANY","olderThan":"86400s"}}},"vulnerabilityScanningConfig":{"lastEnableTime":"2026-03-29T05:25:45.964428318Z","enablementState":"SCANNING_DISABLED","enablementStateReason":"API containerscanning.googleapis.com is not enabled."},"satisfiesPzi":true,"registryUri":"us-central1-docker.pkg.dev/lmad-bfa29/gcf-artifacts"}
[debug] [2026-03-29T07:21:40.513Z] Functions deploy failed.
[debug] [2026-03-29T07:21:40.513Z] {
  "endpoint": {
    "id": "api",
    "project": "lmad-bfa29",
    "region": "us-central1",
    "entryPoint": "api",
    "platform": "gcfv1",
    "runtime": "nodejs22",
    "httpsTrigger": {},
    "serviceAccount": null,
    "ingressSettings": null,
    "availableMemoryMb": null,
    "timeoutSeconds": null,
    "maxInstances": null,
    "minInstances": null,
    "vpc": null,
    "environmentVariables": {
      "FIREBASE_CONFIG": "{\"projectId\":\"lmad-bfa29\",\"databaseURL\":\"https://lmad-bfa29-default-rtdb.firebaseio.com\",\"storageBucket\":\"lmad-bfa29.firebasestorage.app\"}",
      "GCLOUD_PROJECT": "lmad-bfa29",
      "EVENTARC_CLOUD_EVENT_SOURCE": "projects/lmad-bfa29/locations/us-central1/functions/api"
    },
    "codebase": "default",
    "securityLevel": "SECURE_ALWAYS",
    "targetedByOnly": false,
    "hash": "94de18393c557da911cae49e5f7cf215f37d5452",
    "labels": {
      "deployment-tool": "cli-firebase"
    }
  },
  "op": "update",
  "original": {
    "name": "FirebaseError",
    "children": [],
    "exit": 1,
    "message": "Build failed: npm error code EUSAGE\nnpm error\nnpm error `npm ci` can only install packages when your package.json and package-lock.json or npm-shrinkwrap.json are in sync. Please update your lock file with `npm install` before continuing.\nnpm error\nnpm error Missing: acorn@8.16.0 from lock file\nnpm error Missing: @types/markdown-it@14.1.2 from lock file\nnpm error Missing: markdown-it@14.1.1 from lock file\nnpm error\nnpm error Clean install a project\nnpm error\nnpm error Usage:\nnpm error npm ci\nnpm error\nnpm error Options:\nnpm error [--install-strategy <hoisted|nested|shallow|linked>] [--legacy-bundling]\nnpm error [--global-style] [--omit <dev|optional|peer> [--omit <dev|optional|peer> ...]]\nnpm error [--include <prod|dev|optional|peer> [--include <prod|dev|optional|peer> ...]]\nnpm error [--strict-peer-deps] [--foreground-scripts] [--ignore-scripts] [--no-audit]\nnpm error [--no-bin-links] [--no-fund] [--dry-run]\nnpm error [-w|--workspace <workspace-name> [-w|--workspace <workspace-name> ...]]\nnpm error [-ws|--workspaces] [--include-workspace-root] [--install-links]\nnpm error\nnpm error aliases: clean-install, ic, install-clean, isntall-clean\nnpm error\nnpm error Run \"npm help ci\" for more info\nnpm error A complete log of this run can be found in: /www-data-home/.npm/_logs/2026-03-29T07_21_13_016Z-debug-0.log; Error ID: 7fa33aaa",
    "original": {
      "code": 3,
      "message": "Build failed: npm error code EUSAGE\nnpm error\nnpm error `npm ci` can only install packages when your package.json and package-lock.json or npm-shrinkwrap.json are in sync. Please update your lock file with `npm install` before continuing.\nnpm error\nnpm error Missing: acorn@8.16.0 from lock file\nnpm error Missing: @types/markdown-it@14.1.2 from lock file\nnpm error Missing: markdown-it@14.1.1 from lock file\nnpm error\nnpm error Clean install a project\nnpm error\nnpm error Usage:\nnpm error npm ci\nnpm error\nnpm error Options:\nnpm error [--install-strategy <hoisted|nested|shallow|linked>] [--legacy-bundling]\nnpm error [--global-style] [--omit <dev|optional|peer> [--omit <dev|optional|peer> ...]]\nnpm error [--include <prod|dev|optional|peer> [--include <prod|dev|optional|peer> ...]]\nnpm error [--strict-peer-deps] [--foreground-scripts] [--ignore-scripts] [--no-audit]\nnpm error [--no-bin-links] [--no-fund] [--dry-run]\nnpm error [-w|--workspace <workspace-name> [-w|--workspace <workspace-name> ...]]\nnpm error [-ws|--workspaces] [--include-workspace-root] [--install-links]\nnpm error\nnpm error aliases: clean-install, ic, install-clean, isntall-clean\nnpm error\nnpm error Run \"npm help ci\" for more info\nnpm error A complete log of this run can be found in: /www-data-home/.npm/_logs/2026-03-29T07_21_13_016Z-debug-0.log; Error ID: 7fa33aaa"
    },
    "status": 3,
    "code": 3
  }
}
[debug] [2026-03-29T07:21:40.632Z] Error: Failed to update function api in region us-central1
    at C:\Users\majed\AppData\Roaming\npm\node_modules\firebase-tools\lib\deploy\functions\release\fabricator.js:54:11
    at process.processTicksAndRejections (node:internal/process/task_queues:103:5)
    at async Fabricator.updateV1Function (C:\Users\majed\AppData\Roaming\npm\node_modules\firebase-tools\lib\deploy\functions\release\fabricator.js:385:32)
    at async Fabricator.updateEndpoint (C:\Users\majed\AppData\Roaming\npm\node_modules\firebase-tools\lib\deploy\functions\release\fabricator.js:158:13)
    at async handle (C:\Users\majed\AppData\Roaming\npm\node_modules\firebase-tools\lib\deploy\functions\release\fabricator.js:92:17)
[error] 
[error] Error: There was an error deploying functions
